,random_face_number,image_name,face_tensor,auto_gender
0,0,posts\mortendahlin\pic_24.jpeg,"tensor([427.2239, 228.5482, 467.4466, 280.0762])",Man
1,1,posts\ullatornaes\pic_58.jpeg,"tensor([408.2204,   6.2747, 439.5296,  50.9748])",Man
2,2,posts\susannezimmerfriegronne\pic_143.jpeg,"tensor([292.6525, 291.8512, 331.4240, 342.0738])",Woman
3,3,posts\susannezimmerfriegronne\pic_143.jpeg,"tensor([ 39.6454, 232.8243,  86.8426, 287.4897])",Woman
4,4,posts\susannezimmerfriegronne\pic_143.jpeg,"tensor([504.1330, 307.5060, 539.2911, 354.8126])",Man
5,5,posts\susannezimmerfriegronne\pic_143.jpeg,"tensor([ 73.8721, 152.0673, 103.0312, 187.1326])",Woman
6,6,posts\susannezimmerfriegronne\pic_143.jpeg,"tensor([615.8792, 264.3316, 634.8263, 291.5282])",Man
7,7,posts\susannezimmerfriegronne\pic_143.jpeg,"tensor([508.8154, 248.8293, 523.6265, 268.7783])",Woman
8,8,posts\kristianthulesendahl\pic_66.jpeg,"tensor([415.3851, 310.2534, 476.5227, 390.0230])",Woman
9,9,posts\kristianthulesendahl\pic_66.jpeg,"tensor([134.0567, 270.6802, 190.1788, 336.7215])",Woman
10,10,posts\kristianthulesendahl\pic_66.jpeg,"tensor([  1.1705, 326.2888,  71.6246, 465.7729])",Man
11,11,posts\charlottemolbaek\pic_105.jpeg,"tensor([233.6118, 107.0301, 343.9009, 258.9856])",Woman
12,12,posts\alexvanopslagh\pic_9.jpeg,"tensor([321.6740,  20.8692, 405.8033, 129.5837])",Man
13,13,posts\idaauken\pic_17.jpeg,"tensor([225.6642, 200.6622, 306.7594, 304.3347])",Man
14,14,posts\havorla\pic_23.jpeg,"tensor([416.7144,  55.8950, 540.2947, 206.6217])",Woman
15,15,posts\havorla\pic_23.jpeg,"tensor([326.1844,  37.1737, 398.8258, 142.8143])",Man
16,16,posts\havorla\pic_23.jpeg,"tensor([ 98.2607, 109.3363, 137.2749, 161.6111])",Woman
17,17,posts\havorla\pic_23.jpeg,"tensor([ 26.6619, 128.7408,  48.8261, 157.5149])",Man
18,18,posts\havorla\pic_23.jpeg,"tensor([176.0593, 140.9923, 221.5920, 204.8018])",Man
19,19,posts\havorla\pic_23.jpeg,"tensor([ 67.4456, 126.5449,  90.1456, 158.9913])",Man
20,20,posts\kaaredybvad\pic_31.jpeg,"tensor([386.2299, 229.6400, 512.2171, 388.3893])",Woman
21,21,posts\kaaredybvad\pic_31.jpeg,"tensor([159.4971,  60.1064, 297.0982, 258.4092])",Man
22,22,posts\sophieloehde\pic_35.jpeg,"tensor([265.5221,  57.3596, 345.9165, 166.3466])",Woman
23,23,posts\juulmona\pic_5.jpeg,"tensor([214.6841, 109.7190, 361.9305, 303.7593])",Woman
24,24,posts\kaspersandkjaer\pic_0.jpeg,"tensor([190.3450, 392.7595, 420.4775, 679.2368])",Man
25,25,posts\kaspersandkjaer\pic_0.jpeg,"tensor([ 25.6063, 581.1976,  51.7059, 614.4711])",Woman
26,26,posts\kathrineolldag\pic_65.jpeg,"tensor([256.5311, 284.2188, 341.0663, 393.3157])",Woman
27,27,posts\kathrineolldag\pic_65.jpeg,"tensor([ 22.7554, 234.2112, 102.7971, 336.7122])",Woman
28,28,posts\victoria.r.velasquez\pic_49.jpeg,"tensor([215.9926,  61.0184, 402.8116, 317.4289])",Woman
29,29,posts\samiranawa\pic_6.jpeg,"tensor([526.7642, 293.7998, 614.5099, 402.0017])",Man
30,30,posts\samiranawa\pic_6.jpeg,"tensor([ 44.9181, 348.5850, 108.3029, 424.5013])",Woman
31,31,posts\samiranawa\pic_6.jpeg,"tensor([317.1110, 237.1084, 356.5146, 288.0174])",Woman
32,32,posts\astridkrag\pic_159.jpeg,"tensor([237.2146,  87.2337, 322.3743, 205.3177])",Man
33,33,posts\mogensjensen\pic_2.jpeg,"tensor([220.3878, 211.9655, 331.3053, 379.1843])",Man
34,34,posts\zenia.stampe\pic_6.jpeg,"tensor([174.0673,  57.1401, 381.7221, 372.6301])",Man
35,35,posts\peterhummelgaard\pic_21.jpeg,"tensor([255.5094, 378.2825, 388.4358, 535.9166])",Man
36,36,posts\peterhummelgaard\pic_21.jpeg,"tensor([231.5017,  50.6321, 370.2378, 225.6257])",Man
37,37,posts\bertel.haarder\pic_2.jpeg,"tensor([309.9847, 167.9651, 517.4352, 437.3062])",Woman
38,38,posts\kommune_rune\pic_0.jpeg,"tensor([ 35.7673,  84.3878, 151.3741, 246.1296])",Man
39,39,posts\kommune_rune\pic_0.jpeg,"tensor([479.2572, 445.1372, 631.7259, 649.8271])",Woman
40,40,posts\brigitte_klintskov_jerkel\pic_65.jpeg,"tensor([249.4770, 118.6175, 517.1658, 492.6328])",Woman
41,41,posts\lise_bech\pic_21.jpeg,"tensor([248.9049, 150.6721, 413.8073, 342.1523])",Woman
42,42,posts\christian.rabjerg\pic_21.jpeg,"tensor([311.2403,   4.2975, 439.9268, 158.9341])",Woman
43,43,posts\christian.rabjerg\pic_21.jpeg,"tensor([158.9632,  92.2818, 214.0547, 167.5602])",Man
44,44,posts\christian.rabjerg\pic_21.jpeg,"tensor([325.5603, 287.3740, 369.2137, 342.2952])",Man
45,45,posts\christian.rabjerg\pic_21.jpeg,"tensor([376.6352, 318.3174, 416.6303, 363.5651])",Man
46,46,posts\rasmus_jarlov\pic_16.jpeg,"tensor([211.6233, 132.3031, 489.3748, 545.2671])",Man
47,47,posts\sophieloehde\pic_40.jpeg,"tensor([280.5481,  94.8136, 470.3421, 324.0439])",Woman
48,48,posts\danj.klimaminister\pic_179.jpeg,"tensor([350.3246, 112.0301, 378.7355, 148.4376])",Man
49,49,posts\danj.klimaminister\pic_179.jpeg,"tensor([281.5331, 134.5590, 310.3958, 170.8736])",Woman
50,50,posts\danj.klimaminister\pic_179.jpeg,"tensor([193.9825,  99.4880, 230.9505, 146.2446])",Man
51,51,posts\danj.klimaminister\pic_179.jpeg,"tensor([ 20.3828,  93.5170,  61.1462, 146.9312])",Man
52,52,posts\danj.klimaminister\pic_179.jpeg,"tensor([448.0689, 137.8238, 474.7261, 169.0719])",Man
53,53,posts\danj.klimaminister\pic_179.jpeg,"tensor([620.8829,  87.4683, 641.2903, 122.6367])",Man
54,54,posts\kirstennormann\pic_6.jpeg,"tensor([  5.3320, 461.6842, 187.7195, 639.3892])",Woman
55,55,posts\torstenschackpedersen\pic_15.jpeg,"tensor([280.4831, 226.3960, 497.7717, 502.1221])",Man
56,56,posts\tommyahlers\pic_9.jpeg,"tensor([204.0910,  74.2108, 502.3012, 455.3322])",Woman
57,57,posts\larsloekke\pic_2.jpeg,"tensor([ 13.5972, 246.6938, 161.4187, 584.6689])",Man
58,58,posts\liselottblixt\pic_224.jpeg,"tensor([243.7663,  95.2920, 406.2582, 293.6590])",Woman
59,59,posts\charlottemolbaek\pic_48.jpeg,"tensor([253.6981,  36.5178, 408.7356, 238.7652])",Man
60,60,posts\heidibank\pic_15.jpeg,"tensor([305.7955, 158.9542, 535.5053, 436.6260])",Woman
61,61,posts\heidibank\pic_15.jpeg,"tensor([206.7854, 394.5757, 256.4545, 472.2110])",Woman
62,62,posts\heidibank\pic_15.jpeg,"tensor([  2.8639, 402.0208,  37.5733, 456.6165])",Man
63,63,posts\dennisflydtkjaer1\pic_18.jpeg,"tensor([332.4433, 392.9781, 438.3647, 542.0317])",Woman
64,64,posts\dennisflydtkjaer1\pic_18.jpeg,"tensor([449.2825, 200.3817, 605.0678, 396.0593])",Man
65,65,posts\bbbrandenborg\pic_5.jpeg,"tensor([130.6186, 149.0106, 325.6610, 424.0992])",Man
66,66,posts\larsbojemathiesen\pic_12.jpeg,"tensor([  8.4446, 159.4192, 189.5885, 388.8914])",Man
67,67,posts\victoria.r.velasquez\pic_64.jpeg,"tensor([ 58.1394, 239.4584, 146.8505, 353.6192])",Woman
68,68,posts\victoria.r.velasquez\pic_64.jpeg,"tensor([309.9089, 175.8945, 389.4280, 281.4068])",Woman
69,69,posts\victoria.r.velasquez\pic_64.jpeg,"tensor([507.1519, 194.1361, 587.4058, 298.1201])",Woman
70,70,posts\ftmktm\pic_121.jpeg,"tensor([282.1936, 187.9841, 328.8896, 246.0909])",Woman
71,71,posts\ftmktm\pic_121.jpeg,"tensor([593.9626, 240.5052, 638.1373, 306.6113])",Man
72,72,posts\ftmktm\pic_121.jpeg,"tensor([248.4316, 279.6805, 291.1410, 334.4628])",Woman
73,73,posts\ftmktm\pic_121.jpeg,"tensor([142.6834, 271.7563, 184.1095, 324.0525])",Woman
74,74,posts\ftmktm\pic_121.jpeg,"tensor([560.3659, 222.0568, 599.2569, 271.8032])",Woman
75,75,posts\ftmktm\pic_121.jpeg,"tensor([291.5540, 248.1237, 337.2133, 305.6486])",Woman
76,76,posts\ftmktm\pic_121.jpeg,"tensor([ 52.8750, 257.9248, 101.6870, 317.3443])",Woman
77,77,posts\sikandarsiddique_\pic_67.jpeg,"tensor([ 71.1043, 181.8897, 140.3950, 273.5960])",Man
78,78,posts\victoria.r.velasquez\pic_77.jpeg,"tensor([132.9294,  17.3952, 485.2449, 442.2111])",Woman
79,79,posts\akimati\pic_21.jpeg,"tensor([394.1821, 176.7799, 523.6846, 347.1466])",Woman
80,80,posts\akimati\pic_21.jpeg,"tensor([ 38.4834, 164.2996, 203.7987, 371.6491])",Woman
81,81,posts\marleneambo\pic_12.jpeg,"tensor([ 14.5976,  10.5149, 260.1382, 286.9172])",Woman
82,82,posts\mogensjensen\pic_79.jpeg,"tensor([144.9561, 136.1718, 230.4691, 247.7919])",Man
83,83,posts\traktortroels\pic_26.jpeg,"tensor([243.7145, 454.1700, 442.8821, 660.0626])",Woman
84,84,posts\traktortroels\pic_26.jpeg,"tensor([230.3110,  69.2088, 315.8825, 173.8094])",Man
85,85,posts\jacobjensen_venstre\pic_16.jpeg,"tensor([ 90.8343, 100.1942, 125.0987, 140.4613])",Man
86,86,posts\jacobjensen_venstre\pic_16.jpeg,"tensor([229.8392, 112.2696, 263.1458, 151.6949])",Man
87,87,posts\jacobjensen_venstre\pic_16.jpeg,"tensor([469.7174, 117.3477, 510.7538, 166.4721])",Man
88,88,posts\mariebjerre.dk\pic_27.jpeg,"tensor([284.3701,  96.0509, 421.9007, 270.9186])",Woman
89,89,posts\mette.abildgaard\pic_33.jpeg,"tensor([263.1401,  98.4293, 470.4204, 363.4060])",Man
90,90,posts\mette.thiesen\pic_18.jpeg,"tensor([ 53.8038,  54.0534, 375.8585, 486.9756])",Woman
91,91,posts\havorla\pic_6.jpeg,"tensor([517.1207, 248.2819, 540.5390, 278.4116])",Man
92,92,posts\havorla\pic_6.jpeg,"tensor([422.6419, 253.6774, 445.1675, 282.9298])",Woman
93,93,posts\havorla\pic_6.jpeg,"tensor([171.2083, 315.2834, 196.8338, 346.2598])",Woman
94,94,posts\havorla\pic_6.jpeg,"tensor([ 89.1685, 312.5632, 114.3925, 344.3659])",Woman
95,95,posts\havorla\pic_6.jpeg,"tensor([428.4909, 295.3674, 452.3542, 324.5315])",Woman
96,96,posts\havorla\pic_6.jpeg,"tensor([598.1254, 239.3837, 624.3622, 270.3375])",Woman
97,97,posts\havorla\pic_6.jpeg,"tensor([525.7420, 288.0166, 551.0526, 318.2881])",Man
98,98,posts\havorla\pic_6.jpeg,"tensor([570.2604, 240.1352, 592.4403, 267.4282])",Woman
99,99,posts\havorla\pic_6.jpeg,"tensor([103.0732, 269.6017, 128.2045, 298.1586])",Man
100,100,posts\havorla\pic_6.jpeg,"tensor([267.9103, 321.4488, 290.8283, 350.0672])",Woman
101,101,posts\mariebjerre.dk\pic_49.jpeg,"tensor([381.3132, 110.4502, 467.2610, 207.5583])",Woman
102,102,posts\lind_annette\pic_21.jpeg,"tensor([358.0445, 212.6796, 517.6377, 417.7566])",Woman
103,103,posts\lind_annette\pic_21.jpeg,"tensor([  8.7816,  66.4889, 168.1176, 294.4886])",Man
104,104,posts\lind_annette\pic_21.jpeg,"tensor([310.3389, 428.5082, 358.5685, 489.2862])",Woman
105,105,posts\lind_annette\pic_21.jpeg,"tensor([378.4688, 452.7298, 536.8298, 574.4161])",Woman
106,106,posts\katrinerobsoe\pic_52.jpeg,"tensor([183.2296,  17.3145, 452.1654, 342.9020])",Woman
107,107,posts\akimati\pic_18.jpeg,"tensor([157.0474,  31.6736, 216.4574, 109.7304])",Woman
108,108,posts\akimati\pic_18.jpeg,"tensor([446.7517,  64.0188, 498.9684, 130.5263])",Woman
109,109,posts\lisbethbp\pic_23.jpeg,"tensor([142.6761, 271.4772, 340.4935, 528.2183])",Woman
110,110,posts\lisbethbp\pic_23.jpeg,"tensor([173.9144, 115.1151, 385.0721, 395.8557])",Man
111,111,posts\lorentzenkristian\pic_6.jpeg,"tensor([ 44.4009, 169.6382, 296.6407, 485.1632])",Man
112,112,posts\zenia.stampe\pic_111.jpeg,"tensor([156.5636, 110.1240, 346.3499, 373.7986])",Man
113,113,posts\kirstennormann\pic_1.jpeg,"tensor([450.3067, 103.4198, 519.8401, 190.8872])",Woman
114,114,posts\heidibank\pic_30.jpeg,"tensor([361.0092, 130.0802, 404.7017, 183.6324])",Woman
115,115,posts\rasmusprehn\pic_97.jpeg,"tensor([ 39.5749, 120.7955, 120.8808, 224.8538])",Man
116,116,posts\maimercado_dk\pic_37.jpeg,"tensor([347.1058,   7.6401, 594.7962, 286.2220])",Man
117,117,posts\maimercado_dk\pic_37.jpeg,"tensor([342.5210, 555.0822, 404.0838, 625.6577])",Woman
118,118,posts\kathrineolldag\pic_44.jpeg,"tensor([387.4023, 133.4637, 608.5733, 417.6892])",Woman
119,119,posts\kathrineolldag\pic_44.jpeg,"tensor([144.8806, 267.7700, 251.2095, 411.4863])",Woman
120,120,posts\magnusheunicke\pic_103.jpeg,"tensor([230.7046,  95.8658, 433.5364, 401.0551])",Man
121,121,posts\evakjerhansen\pic_35.jpeg,"tensor([288.3028, 393.7359, 397.9942, 543.8323])",Woman
122,122,posts\evakjerhansen\pic_35.jpeg,"tensor([125.4043, 293.3345, 277.0379, 500.9026])",Woman
123,123,posts\rosa_lund\pic_23.jpeg,"tensor([383.2108, 205.0143, 415.9956, 250.8824])",Man
124,124,posts\rosa_lund\pic_23.jpeg,"tensor([271.8626,  85.9634, 295.0561, 117.2607])",Man
125,125,posts\rosa_lund\pic_23.jpeg,"tensor([419.4064,  66.4185, 447.3604, 102.7860])",Man
126,126,posts\rosa_lund\pic_23.jpeg,"tensor([575.5418,  55.6840, 607.4326,  98.1919])",Man
127,127,posts\rosa_lund\pic_23.jpeg,"tensor([193.1033,  85.0255, 222.5953, 125.3378])",Man
128,128,posts\rosa_lund\pic_23.jpeg,"tensor([303.2744, 135.8824, 337.6520, 178.5564])",Man
129,129,posts\rosa_lund\pic_23.jpeg,"tensor([323.5966,  80.6940, 348.0367, 109.4419])",Man
130,130,posts\mettedencker\pic_19.jpeg,"tensor([298.4605, 119.5825, 548.0944, 456.7595])",Man
131,131,posts\mettedencker\pic_19.jpeg,"tensor([118.9059, 221.4701, 294.9870, 458.9941])",Woman
132,132,posts\jerohde\pic_13.jpeg,"tensor([ 13.2833,  57.2370, 239.0755, 374.5436])",Man
133,133,posts\jerohde\pic_13.jpeg,"tensor([280.7542, 171.2271, 508.2787, 488.8542])",Man
134,134,posts\astridcaroe\pic_24.jpeg,"tensor([122.3807, 158.0879, 179.5613, 227.2299])",Woman
135,135,posts\astridcaroe\pic_24.jpeg,"tensor([200.0199, 147.9494, 225.3403, 182.6061])",Man
136,136,posts\evakjerhansen\pic_31.jpeg,"tensor([112.4587,  21.5523, 200.6974, 130.6680])",Man
137,137,posts\simonkollerup\pic_15.jpeg,"tensor([286.1531, 110.5246, 345.6661, 198.0113])",Man
138,138,posts\peter_skaarup\pic_8.jpeg,"tensor([115.5997,  74.3213, 213.9151, 198.7248])",Man
139,139,posts\peter_skaarup\pic_8.jpeg,"tensor([355.8688,  99.6802, 413.1361, 178.1792])",Woman
140,140,posts\mette\pic_289.jpeg,"tensor([517.1257, 129.5677, 574.5717, 208.2394])",Woman
141,141,posts\rasmusprehn\pic_123.jpeg,"tensor([503.0109,  79.2560, 642.3699, 324.9959])",Man
142,142,posts\peter_seier_christensen\pic_112.jpeg,"tensor([260.7479,  26.2506, 391.2140, 201.3380])",Man
143,143,posts\peter_seier_christensen\pic_112.jpeg,"tensor([ 91.9768,  29.6147, 270.0564, 245.1699])",Man
144,144,posts\astridkrag\pic_105.jpeg,"tensor([572.3157,  54.2667, 645.5111, 205.9693])",Man
145,145,posts\marcus.knuth\pic_7.jpeg,"tensor([282.7030,  99.9028, 488.3181, 383.8069])",Man
146,146,posts\marcus.knuth\pic_7.jpeg,"tensor([184.0115, 211.9102, 305.8112, 375.3307])",Woman
147,147,posts\soren_pape\pic_95.jpeg,"tensor([173.1322,  25.8732, 423.1397, 350.1557])",Man
148,148,posts\birgitte.vind\pic_28.jpeg,"tensor([244.5332, 255.8381, 283.1095, 302.6963])",Woman
149,149,posts\birgitte.vind\pic_28.jpeg,"tensor([ 95.7814, 286.8193, 134.3246, 336.9770])",Woman
150,150,posts\birgitte.vind\pic_28.jpeg,"tensor([496.3074, 264.5771, 541.3588, 319.8514])",Woman
151,151,posts\birgitte.vind\pic_28.jpeg,"tensor([338.7785, 272.5126, 380.5801, 321.1215])",Woman
152,152,posts\christoffermelson\pic_54.jpeg,"tensor([ 94.2621, 283.4585, 159.2953, 367.7435])",Man
153,153,posts\pernille_skipper\pic_20.jpeg,"tensor([ 75.4456,  63.9952, 271.2675, 316.6705])",Woman
154,154,posts\sophieloehde\pic_47.jpeg,"tensor([138.5834, 130.7181, 345.6292, 391.5450])",Woman
155,155,posts\aaja_chemnitz\pic_11.jpeg,"tensor([281.7864, 433.9250, 300.3643, 455.7569])",Woman
156,156,posts\martinr.geertsen\pic_0.jpeg,"tensor([198.7360, 230.3067, 263.2882, 314.8337])",Woman
157,157,posts\martinr.geertsen\pic_0.jpeg,"tensor([323.9136, 187.2640, 386.2665, 273.1042])",Woman
158,158,posts\martinr.geertsen\pic_0.jpeg,"tensor([395.4586, 290.2487, 473.0192, 389.1905])",Woman
159,159,posts\sophieloehde\pic_21.jpeg,"tensor([273.6197,  81.2480, 357.0533, 194.5921])",Man
160,160,posts\pernille_skipper\pic_58.jpeg,"tensor([ 90.5334, 119.6622, 153.3786, 202.6629])",Woman
161,161,posts\pernille_skipper\pic_58.jpeg,"tensor([330.9307, 103.5501, 401.7351, 192.6217])",Woman
162,162,posts\rasmushelvegpetersen\pic_25.jpeg,"tensor([299.5953, 141.4077, 432.6875, 318.3651])",Man
163,163,posts\rasmushelvegpetersen\pic_25.jpeg,"tensor([  1.6529, 172.0289, 116.8876, 390.0049])",Man
164,164,posts\simonkollerup\pic_36.jpeg,"tensor([416.1707, 144.3673, 537.8118, 310.9323])",Man
165,165,posts\traktortroels\pic_32.jpeg,"tensor([344.5576, 172.7998, 397.3204, 236.2004])",Man
166,166,posts\traktortroels\pic_32.jpeg,"tensor([228.3890, 157.0990, 287.3530, 230.1792])",Man
167,167,posts\troelsravn1\pic_13.jpeg,"tensor([438.2022, 238.6525, 470.0194, 276.4717])",Man
168,168,posts\troelsravn1\pic_13.jpeg,"tensor([312.3868, 234.3066, 339.3248, 266.4784])",Man
169,169,posts\troelsravn1\pic_13.jpeg,"tensor([197.2046, 327.7899, 231.5982, 373.3818])",Man
170,170,posts\troelsravn1\pic_13.jpeg,"tensor([372.2913, 251.7092, 400.2755, 286.0482])",Woman
171,171,posts\troelsravn1\pic_13.jpeg,"tensor([254.9675, 264.5352, 284.5670, 300.1831])",Woman
172,172,posts\troelsravn1\pic_13.jpeg,"tensor([431.1061, 350.6912, 468.5540, 397.0941])",Man
173,173,posts\troelsravn1\pic_13.jpeg,"tensor([182.5740, 246.7542, 208.3724, 278.9090])",Man
174,174,posts\troelsravn1\pic_13.jpeg,"tensor([305.4195, 379.4662, 342.8889, 425.2598])",Man
175,175,posts\pernillevermund\pic_5.jpeg,"tensor([ 48.1496,  62.7956, 170.2321, 234.7250])",Woman
176,176,posts\jacobjensen_venstre\pic_9.jpeg,"tensor([ 95.6213,   6.9969, 270.2674, 196.5331])",Man
177,177,posts\alexvanopslagh\pic_13.jpeg,"tensor([191.9585, 102.5528, 393.4461, 368.9672])",Man
178,178,posts\torsten.gejl\pic_2.jpeg,"tensor([110.1261, 203.9787, 187.5522, 296.3617])",Woman
179,179,posts\torsten.gejl\pic_2.jpeg,"tensor([ 13.3338, 278.2438,  36.8112, 306.5015])",Man
180,180,posts\jakobellemann\pic_101.jpeg,"tensor([218.5348, 105.1153, 423.9539, 400.6889])",Man
181,181,posts\alexvanopslagh\pic_27.jpeg,"tensor([181.6913, 288.5742, 303.1830, 449.5313])",Woman
182,182,posts\stojberginger\pic_33.jpeg,"tensor([548.0254, 158.7126, 606.3705, 229.2053])",Woman
183,183,posts\stojberginger\pic_33.jpeg,"tensor([ 49.1460, 250.9996, 101.6810, 325.1122])",Man
184,184,posts\stojberginger\pic_33.jpeg,"tensor([323.4280, 132.2986, 351.1183, 172.5932])",Woman
185,185,posts\brittbager\pic_9.jpeg,"tensor([245.4881,  82.5198, 326.4268, 190.3572])",Woman
186,186,posts\karina_lorentzen_dehnhardt\pic_152.jpeg,"tensor([202.9054, 250.1850, 399.9219, 490.9017])",Woman
187,187,posts\kristianthulesendahl\pic_19.jpeg,"tensor([ 51.7484, 236.7543,  85.4241, 281.6653])",Man
188,188,posts\dennisflydtkjaer1\pic_15.jpeg,"tensor([252.9412, 284.4679, 416.7243, 511.6440])",Woman
189,189,posts\khoenge\pic_52.jpeg,"tensor([ 14.7540, 165.0932, 158.2744, 342.2366])",Man
190,190,posts\mettedencker\pic_77.jpeg,"tensor([298.5118, 206.5070, 565.5822, 540.4890])",Man
191,191,posts\mettedencker\pic_77.jpeg,"tensor([ 80.2771, 138.7034, 288.6857, 384.9485])",Woman
192,192,posts\mattiastesfaye\pic_3.jpeg,"tensor([221.7242, 101.8665, 399.0953, 330.8508])",Woman
193,193,posts\bbbrandenborg\pic_19.jpeg,"tensor([338.1836,  86.6879, 450.5963, 235.9209])",Man
194,194,posts\bbbrandenborg\pic_19.jpeg,"tensor([ 47.0609, 174.3153, 188.0952, 362.0348])",Man
195,195,posts\annevalentinaberthelsen\pic_17.jpeg,"tensor([ 97.5025, 286.3848, 318.6334, 581.0752])",Woman
196,196,posts\karina_lorentzen_dehnhardt\pic_35.jpeg,"tensor([457.9065, 196.3902, 529.8975, 282.4537])",Woman
197,197,posts\karina_lorentzen_dehnhardt\pic_35.jpeg,"tensor([132.0320, 304.4363, 209.7743, 403.3021])",Woman
198,198,posts\brittbager\pic_7.jpeg,"tensor([173.8257, 246.9755, 232.5998, 315.1052])",Woman
199,199,posts\brittbager\pic_7.jpeg,"tensor([275.0281, 282.9045, 321.3897, 338.5788])",Man
200,200,posts\brittbager\pic_7.jpeg,"tensor([379.5544, 257.3996, 426.3681, 314.6212])",Man
201,201,posts\nikolajvillumsen\pic_0.jpeg,"tensor([187.3951, 136.1255, 439.0435, 476.3741])",Man
202,202,posts\kirstennormann\pic_3.jpeg,"tensor([371.7906, 311.7126, 580.5579, 602.8712])",Woman
203,203,posts\zenia.stampe\pic_83.jpeg,"tensor([185.9081,  91.2100, 240.3268, 162.4044])",Man
204,204,posts\zenia.stampe\pic_83.jpeg,"tensor([456.2391, 129.3613, 512.0008, 202.1666])",Woman
205,205,posts\zenia.stampe\pic_83.jpeg,"tensor([ 75.1892, 167.5232, 146.6109, 260.1357])",Woman
206,206,posts\zenia.stampe\pic_83.jpeg,"tensor([517.0327, 121.9381, 589.0660, 218.5472])",Woman
207,207,posts\brittbager\pic_3.jpeg,"tensor([335.0240, 104.5576, 417.7647, 208.3720])",Woman
208,208,posts\victoria.r.velasquez\pic_2.jpeg,"tensor([220.3688, 119.7123, 386.2671, 347.5054])",Woman
209,209,posts\martinr.geertsen\pic_5.jpeg,"tensor([398.9781, 320.5077, 654.0357, 632.4726])",Woman
210,210,posts\karen.ellemann\pic_18.jpeg,"tensor([295.2526, 159.8221, 410.7401, 304.7998])",Woman
211,211,posts\annesophie.radikale\pic_13.jpeg,"tensor([504.9359,  52.9447, 644.8672, 309.5539])",Woman
212,212,posts\leawermelin\pic_8.jpeg,"tensor([  5.5210, 205.0546, 187.9366, 489.8578])",Man
213,213,posts\annesophie.radikale\pic_24.jpeg,"tensor([219.7185, 104.9069, 356.6023, 289.3739])",Woman
214,214,posts\peterhummelgaard\pic_0.jpeg,"tensor([178.0644, 268.7047, 248.5837, 370.2203])",Woman
215,215,posts\karen.ellemann\pic_26.jpeg,"tensor([207.5956, 120.7382, 312.2523, 242.3313])",Woman
216,216,posts\karen.ellemann\pic_26.jpeg,"tensor([ 48.4569, 152.6968, 128.4686, 238.6095])",Man
217,217,posts\annepaulin\pic_16.jpeg,"tensor([290.1924, 125.6993, 340.5395, 195.6403])",Man
218,218,posts\annepaulin\pic_16.jpeg,"tensor([536.4587, 155.5061, 581.3086, 210.6160])",Man
219,219,posts\larsbojemathiesen\pic_33.jpeg,"tensor([395.3585, 100.7301, 473.6103, 204.6046])",Man
220,220,posts\larsbojemathiesen\pic_33.jpeg,"tensor([210.2486,  88.2850, 286.3204, 199.5075])",Man
221,221,posts\kaaredybvad\pic_18.jpeg,"tensor([ 58.9933, 130.5596, 274.6622, 431.2128])",Man
222,222,posts\kaaredybvad\pic_18.jpeg,"tensor([343.5931, 254.1720, 536.4627, 503.9224])",Woman
223,223,posts\kaspersandkjaer\pic_23.jpeg,"tensor([201.5109, 129.3078, 478.4924, 529.8118])",Man
224,224,posts\nikolajvillumsen\pic_125.jpeg,"tensor([230.9095, 166.3298, 324.3979, 295.6649])",Man
225,225,posts\nikolajvillumsen\pic_125.jpeg,"tensor([ 80.2263,  30.8572, 142.0336, 107.4571])",Man
226,226,posts\nikolajvillumsen\pic_125.jpeg,"tensor([418.0988, 213.2355, 499.0335, 319.2357])",Woman
227,227,posts\nikolajvillumsen\pic_125.jpeg,"tensor([458.6951,  58.4740, 523.9976, 142.3387])",Man
228,228,posts\mette.thiesen\pic_215.jpeg,"tensor([189.5516, 155.0114, 481.2789, 541.1431])",Woman
229,229,posts\marleneambo\pic_19.jpeg,"tensor([199.1123,   7.1946, 406.2432, 187.6915])",Man
230,230,posts\christoffermelson\pic_41.jpeg,"tensor([194.6936, 274.4950, 244.0119, 334.5991])",Man
231,231,posts\victoria.r.velasquez\pic_93.jpeg,"tensor([242.9365, 154.6612, 355.3641, 307.8037])",Woman
232,232,posts\annepaulin\pic_6.jpeg,"tensor([  6.5668,  51.2282, 168.8620, 318.2607])",Man
233,233,posts\annepaulin\pic_6.jpeg,"tensor([311.5277,  96.4123, 328.7274, 117.3317])",Man
234,234,posts\mette.thiesen\pic_104.jpeg,"tensor([336.0040, 184.6458, 516.7083, 435.2135])",Woman
235,235,posts\sikandarsiddique_\pic_75.jpeg,"tensor([360.7040,  91.7077, 404.6494, 150.7363])",Woman
236,236,posts\sikandarsiddique_\pic_75.jpeg,"tensor([269.5567,  98.9468, 310.4886, 151.0022])",Man
237,237,posts\karstenlauritzen\pic_19.jpeg,"tensor([222.8904, 285.7909, 268.2837, 347.3122])",Man
238,238,posts\mortenoestergaard\pic_1.jpeg,"tensor([269.7123, 137.8737, 311.2646, 186.6579])",Woman
239,239,posts\denhenrikdahl\pic_0.jpeg,"tensor([ 95.6591,  61.4925, 197.2056, 195.2246])",Man
240,240,posts\lorentzenkristian\pic_2.jpeg,"tensor([410.1178, 398.4294, 508.0362, 526.0316])",Woman
241,241,posts\lorentzenkristian\pic_2.jpeg,"tensor([ 89.7536, 327.8845, 253.2538, 518.1389])",Woman
242,242,posts\nikolajvillumsen\pic_13.jpeg,"tensor([266.8387,  85.2260, 312.4632, 159.4715])",Woman
243,243,posts\nikolajvillumsen\pic_13.jpeg,"tensor([189.5513, 119.5192, 231.1005, 171.3773])",Man
244,244,posts\torp71\pic_7.jpeg,"tensor([261.5827, 124.2071, 404.6061, 307.0007])",Woman
245,245,posts\mette\pic_80.jpeg,"tensor([500.3720, 148.3898, 621.8123, 319.0059])",Man
246,246,posts\jerohde\pic_19.jpeg,"tensor([219.0336, 218.4116, 247.5151, 253.5192])",Woman
247,247,posts\lorentzenkristian\pic_71.jpeg,"tensor([ 94.7283, 221.9236, 149.6215, 288.5340])",Man
248,248,posts\lorentzenkristian\pic_71.jpeg,"tensor([263.1897, 215.0042, 314.8326, 283.4888])",Woman
249,249,posts\jacobjensen_venstre\pic_18.jpeg,"tensor([ 83.5835, 113.4694, 135.3762, 182.0589])",Woman
250,250,posts\jacobjensen_venstre\pic_18.jpeg,"tensor([471.3024,  68.3918, 527.2531, 141.3700])",Man
251,251,posts\jacobjensen_venstre\pic_18.jpeg,"tensor([276.7091, 133.6839, 319.2030, 187.0802])",Woman
252,252,posts\leawermelin\pic_22.jpeg,"tensor([250.3344,  75.9541, 349.9762, 195.9653])",Man
253,253,posts\karen.ellemann\pic_3.jpeg,"tensor([ 47.0434, 154.8156, 158.5431, 296.9508])",Woman
254,254,posts\karen.ellemann\pic_3.jpeg,"tensor([418.7584,  81.1908, 539.4598, 252.1656])",Man
255,255,posts\charlottemolbaek\pic_58.jpeg,"tensor([123.5102, 305.8242, 235.1688, 452.8725])",Man
256,256,posts\charlottemolbaek\pic_58.jpeg,"tensor([217.6305, 109.8700, 340.1012, 287.9019])",Woman
257,257,posts\annehonoreoestergaard\pic_116.jpeg,"tensor([327.7527,  64.3738, 396.1231, 169.6322])",Woman
258,258,posts\kaaredybvad\pic_13.jpeg,"tensor([303.7228, 132.1129, 542.7249, 464.6880])",Man
259,259,posts\sikandarsiddique_\pic_115.jpeg,"tensor([385.3146, 166.1855, 530.3399, 353.9465])",Man
260,260,posts\sikandarsiddique_\pic_115.jpeg,"tensor([ 65.9882, 100.8555, 246.7919, 332.8343])",Man
261,261,posts\jan_e_joergensen\pic_51.jpeg,"tensor([215.1545,  13.5909, 353.4206, 173.5230])",Woman
262,262,posts\aaja_chemnitz\pic_14.jpeg,"tensor([269.1995, 306.2684, 284.5545, 326.1776])",Man
263,263,posts\aaja_chemnitz\pic_14.jpeg,"tensor([399.0905, 310.2743, 412.1973, 326.9476])",Man
264,264,posts\bennyengelbrecht\pic_117.jpeg,"tensor([210.9558,  52.8072, 271.2484, 129.2568])",Man
265,265,posts\carl_valentin\pic_27.jpeg,"tensor([259.0356,   3.0634, 364.1668, 145.6174])",Man
266,266,posts\simonkollerup\pic_3.jpeg,"tensor([382.3229, 109.9002, 640.9606, 466.3089])",Man
267,267,posts\rasmushelvegpetersen\pic_17.jpeg,"tensor([228.7357,  95.4944, 264.6789, 139.8931])",Man
268,268,posts\rasmushelvegpetersen\pic_17.jpeg,"tensor([427.2979, 105.9573, 465.0732, 154.8595])",Man
269,269,posts\rasmusprehn\pic_138.jpeg,"tensor([473.0145, 216.5053, 570.4390, 348.7746])",Man
270,270,posts\kaspersandkjaer\pic_35.jpeg,"tensor([252.4675, 130.8813, 339.5467, 251.7104])",Woman
271,271,posts\ullatornaes\pic_59.jpeg,"tensor([183.1696, 113.3697, 230.1281, 186.2463])",Man
272,272,posts\ullatornaes\pic_59.jpeg,"tensor([427.5136, 133.6670, 468.8163, 197.2040])",Man
273,273,posts\tommyahlers\pic_35.jpeg,"tensor([279.9775,  31.3557, 335.4835, 101.5988])",Woman
274,274,posts\tommyahlers\pic_35.jpeg,"tensor([ 68.3587,  23.4007, 124.1945, 110.3221])",Man
275,275,posts\tommyahlers\pic_35.jpeg,"tensor([ 46.0121, 336.5494, 119.9798, 436.1820])",Woman
276,276,posts\ftmktm\pic_118.jpeg,"tensor([161.1054, 126.0472, 247.2577, 239.4446])",Woman
277,277,posts\ftmktm\pic_61.jpeg,"tensor([270.5980,  39.5162, 428.6510, 253.7628])",Woman
278,278,posts\sophieloehde\pic_4.jpeg,"tensor([196.4819, 150.7150, 534.6895, 595.0078])",Woman
279,279,posts\mortenoestergaard\pic_33.jpeg,"tensor([218.6818, 168.2005, 327.1656, 312.5097])",Man
280,280,posts\marcus.knuth\pic_5.jpeg,"tensor([202.1561,  70.3440, 429.3168, 371.9120])",Man
281,281,posts\krarupmarie\pic_35.jpeg,"tensor([ 92.4662,  43.3475, 361.0867, 439.2876])",Man
282,282,posts\krarupmarie\pic_35.jpeg,"tensor([477.1028, 442.8236, 513.8356, 487.9194])",Man
283,283,posts\marleneambo\pic_3.jpeg,"tensor([497.9286, 218.6695, 561.5518, 299.0592])",Man
284,284,posts\bbbrandenborg\pic_46.jpeg,"tensor([363.4590, 208.5110, 425.6512, 292.7023])",Woman
285,285,posts\bbbrandenborg\pic_46.jpeg,"tensor([ 62.9322, 120.2805, 130.9744, 216.9130])",Man
286,286,posts\bbbrandenborg\pic_46.jpeg,"tensor([239.8909, 278.8087, 272.3942, 318.9702])",Man
287,287,posts\janeheitmann\pic_56.jpeg,"tensor([ 93.9674, 124.2660, 347.8916, 453.0432])",Woman
288,288,posts\janeheitmann\pic_56.jpeg,"tensor([348.0645, 126.0590, 569.6017, 447.9615])",Woman
289,289,posts\stojberginger\pic_18.jpeg,"tensor([279.6632, 185.9326, 327.3870, 247.9407])",Man
290,290,posts\rosa_lund\pic_41.jpeg,"tensor([ 92.0237,  53.7476, 289.4148, 337.9716])",Woman
291,291,posts\rosa_lund\pic_41.jpeg,"tensor([453.2888, 262.8206, 649.8763, 549.7954])",Woman
292,292,posts\mai_villadsen\pic_39.jpeg,"tensor([248.3793, 138.8203, 384.1854, 311.3260])",Woman
293,293,posts\mai_villadsen\pic_39.jpeg,"tensor([  1.2682,  78.2784, 128.5039, 237.7492])",Man
294,294,posts\maimercado_dk\pic_31.jpeg,"tensor([457.4055, 119.5455, 529.1838, 216.8887])",Woman
295,295,posts\mettedencker\pic_106.jpeg,"tensor([ 69.9386,  10.0185, 323.4097, 315.1061])",Woman
296,296,posts\brittbager\pic_25.jpeg,"tensor([237.3287, 287.2558, 459.4120, 602.9258])",Woman
297,297,posts\mette.thiesen\pic_183.jpeg,"tensor([338.3348, 205.5418, 739.6866, 724.4701])",Woman
298,298,posts\jacobmarkfolketinget\pic_59.jpeg,"tensor([275.8192,  85.0806, 371.6560, 221.7271])",Man
299,299,posts\dennisflydtkjaer1\pic_16.jpeg,"tensor([224.9548,  94.9059, 328.3414, 237.2373])",Man
300,300,posts\lise_bech\pic_20.jpeg,"tensor([258.7665,  61.1549, 328.5800, 150.3067])",Woman
301,301,posts\jacobmarkfolketinget\pic_129.jpeg,"tensor([341.7630,  87.9064, 436.1594, 220.7643])",Man
302,302,posts\evaflyvholm_enhedslisten\pic_2.jpeg,"tensor([341.0183, 103.7656, 501.8279, 322.0490])",Man
303,303,posts\evakjerhansen\pic_21.jpeg,"tensor([348.8152, 100.9290, 390.4255, 146.6307])",Man
304,304,posts\sjurdurskaale\pic_32.jpeg,"tensor([331.8796,   4.8873, 479.9244, 168.5362])",Man
305,305,posts\danj.klimaminister\pic_134.jpeg,"tensor([ 73.3549,  90.1817, 185.5408, 246.4703])",Man
306,306,posts\mette\pic_124.jpeg,"tensor([377.7245, 135.0120, 592.1287, 421.5066])",Man
307,307,posts\jacobmarkfolketinget\pic_128.jpeg,"tensor([205.8618, 217.5993, 380.9439, 497.7742])",Woman
308,308,posts\kristianthulesendahl\pic_70.jpeg,"tensor([432.6932, 335.3682, 513.4031, 441.4264])",Man
309,309,posts\kristianthulesendahl\pic_70.jpeg,"tensor([518.3179, 250.5356, 554.7424, 297.5140])",Man
310,310,posts\kristianthulesendahl\pic_70.jpeg,"tensor([252.8822, 261.2000, 293.0389, 317.3000])",Man
311,311,posts\karen.ellemann\pic_35.jpeg,"tensor([208.0639, 112.5075, 295.1339, 225.7329])",Woman
312,312,posts\annevalentinaberthelsen\pic_5.jpeg,"tensor([ 25.6316, 390.0635, 247.3257, 663.5617])",Woman
313,313,posts\annehonoreoestergaard\pic_122.jpeg,"tensor([163.7637, 128.1923, 181.2909, 148.3793])",Man
314,314,posts\piaolsendyhr\pic_52.jpeg,"tensor([348.9132, 177.1519, 446.1305, 310.7470])",Woman
315,315,posts\jacobmarkfolketinget\pic_165.jpeg,"tensor([102.0555, 233.9470, 224.3040, 386.7260])",Man
316,316,posts\nikolajvillumsen\pic_75.jpeg,"tensor([  7.9426, 140.0927, 160.9770, 340.2202])",Woman
317,317,posts\nikolajvillumsen\pic_75.jpeg,"tensor([261.6007, 216.0868, 306.6063, 270.4531])",Woman
318,318,posts\nikolajvillumsen\pic_75.jpeg,"tensor([265.7577, 161.3986, 290.8372, 191.6394])",Woman
319,319,posts\nikolajvillumsen\pic_75.jpeg,"tensor([563.6197, 225.6215, 598.7765, 265.7975])",Man
320,320,posts\nikolajvillumsen\pic_75.jpeg,"tensor([463.5048, 168.6094, 488.3804, 199.6115])",Man
321,321,posts\peter_skaarup\pic_86.jpeg,"tensor([132.1492,  86.7726, 410.3756, 475.9558])",Woman
322,322,posts\marcus.knuth\pic_51.jpeg,"tensor([247.9400, 154.7995, 330.0381, 270.7989])",Man
323,323,posts\christoffermelson\pic_14.jpeg,"tensor([412.4744, 252.4294, 621.0558, 546.7961])",Man
324,324,posts\jacobmarkfolketinget\pic_31.jpeg,"tensor([194.9245, 138.6334, 274.3060, 248.5890])",Woman
325,325,posts\annepaulin\pic_4.jpeg,"tensor([  2.3840,  12.5440, 145.5770, 189.1828])",Man
326,326,posts\annepaulin\pic_4.jpeg,"tensor([102.4902,   6.9042, 316.0865, 181.7700])",Man
327,327,posts\mettedencker\pic_39.jpeg,"tensor([102.2407,  75.6055, 386.8267, 449.7970])",Woman
328,328,posts\peter_skaarup\pic_55.jpeg,"tensor([253.7271, 118.5267, 340.6457, 241.1031])",Woman
329,329,posts\annesophie.radikale\pic_42.jpeg,"tensor([160.0714, 362.5380, 186.1653, 401.5770])",Man
330,330,posts\annesophie.radikale\pic_42.jpeg,"tensor([254.7172, 135.8073, 289.2849, 179.4102])",Man
331,331,posts\annesophie.radikale\pic_42.jpeg,"tensor([ 82.5042, 122.9641, 111.4588, 157.7227])",Man
332,332,posts\annesophie.radikale\pic_42.jpeg,"tensor([165.5132, 125.4571, 191.3076, 160.4230])",Man
333,333,posts\annesophie.radikale\pic_42.jpeg,"tensor([500.3229, 366.3664, 528.1852, 406.0693])",Woman
334,334,posts\annesophie.radikale\pic_42.jpeg,"tensor([367.4515, 117.0497, 415.2357, 174.5402])",Man
335,335,posts\annesophie.radikale\pic_42.jpeg,"tensor([  3.1124, 126.8722,  21.5548, 149.5280])",Woman
336,336,posts\annesophie.radikale\pic_42.jpeg,"tensor([ 40.6647, 123.4188,  61.5643, 147.4795])",Woman
337,337,posts\jan_e_joergensen\pic_62.jpeg,"tensor([443.6771, 100.4319, 527.0665, 208.2024])",Woman
338,338,posts\annepaulin\pic_26.jpeg,"tensor([316.8325, 147.7478, 407.3505, 269.5963])",Woman
339,339,posts\kaspersandkjaer\pic_48.jpeg,"tensor([103.0014,  28.4274, 214.1432, 160.0121])",Man
340,340,posts\denhenrikdahl\pic_21.jpeg,"tensor([409.3533, 120.2862, 462.6789, 193.9502])",Man
341,341,posts\denhenrikdahl\pic_21.jpeg,"tensor([143.5381,  70.7753, 205.8256, 152.8971])",Man
342,342,posts\denhenrikdahl\pic_21.jpeg,"tensor([ 47.2501, 109.8680, 113.2300, 191.9823])",Woman
343,343,posts\krarupmarie\pic_19.jpeg,"tensor([353.7581, 352.2365, 411.1638, 436.5818])",Man
344,344,posts\krarupmarie\pic_19.jpeg,"tensor([113.4003, 177.9630, 198.4689, 280.7560])",Man
345,345,posts\krarupmarie\pic_19.jpeg,"tensor([128.7817, 473.5824, 157.8676, 508.6490])",Man
346,346,posts\elbaekuffe\pic_22.jpeg,"tensor([187.5332,  63.9796, 256.5114, 146.2515])",Woman
347,347,posts\elbaekuffe\pic_22.jpeg,"tensor([442.5803,  89.9444, 494.6341, 158.4302])",Man
348,348,posts\naserkhaderdk\pic_17.jpeg,"tensor([267.9300, 155.0351, 393.9821, 320.4720])",Man
349,349,posts\naserkhaderdk\pic_17.jpeg,"tensor([519.7390, 321.1003, 640.7556, 544.8035])",Woman
350,350,posts\peter_seier_christensen\pic_47.jpeg,"tensor([341.2335, 222.6101, 581.0095, 461.9221])",Woman
351,351,posts\piaolsendyhr\pic_35.jpeg,"tensor([ 46.2856, 211.2494, 158.1815, 349.3771])",Man
352,352,posts\piaolsendyhr\pic_35.jpeg,"tensor([409.9951, 272.5706, 516.1127, 395.0261])",Woman
353,353,posts\piaolsendyhr\pic_35.jpeg,"tensor([168.4385, 131.4453, 336.5405, 346.5780])",Woman
354,354,posts\mette\pic_257.jpeg,"tensor([442.3078, 145.8857, 495.5770, 211.2805])",Woman
355,355,posts\mette\pic_257.jpeg,"tensor([141.3395, 188.0304, 186.7804, 244.2696])",Woman
356,356,posts\peter_seier_christensen\pic_130.jpeg,"tensor([275.9079, 184.2149, 412.4479, 344.7382])",Woman
357,357,posts\evakjerhansen\pic_16.jpeg,"tensor([432.1027, 212.1684, 514.9058, 313.6466])",Woman
358,358,posts\evakjerhansen\pic_16.jpeg,"tensor([253.3455, 134.9392, 355.1803, 279.1968])",Man
359,359,posts\zenia.stampe\pic_92.jpeg,"tensor([333.6469,  45.2107, 604.7683, 382.1720])",Woman
360,360,posts\peterhummelgaard\pic_17.jpeg,"tensor([163.1622, 298.5902, 418.3295, 625.3879])",Man
361,361,posts\peterhummelgaard\pic_17.jpeg,"tensor([206.9928,   6.8066, 409.4556, 214.8244])",Man
362,362,posts\kirstennormann\pic_4.jpeg,"tensor([248.6354, 225.8058, 263.2802, 244.3219])",Woman
363,363,posts\andreas.steenberg\pic_139.jpeg,"tensor([263.5307, 111.8221, 312.9240, 177.0524])",Man
364,364,posts\andreas.steenberg\pic_139.jpeg,"tensor([348.6904, 381.0689, 408.0742, 464.5596])",Woman
365,365,posts\andreas.steenberg\pic_139.jpeg,"tensor([422.3850,  58.0853, 482.1233, 135.4066])",Man
366,366,posts\astridkrag\pic_97.jpeg,"tensor([  5.7460,  73.1046, 197.4260, 382.1271])",Woman
367,367,posts\astridkrag\pic_97.jpeg,"tensor([368.1321, 216.6817, 456.9467, 328.1424])",Woman
368,368,posts\louise_elholm\pic_3.jpeg,"tensor([353.5768, 227.3895, 412.6408, 305.4490])",Woman
369,369,posts\piakjaersgaard1\pic_82.jpeg,"tensor([161.3626, 102.4261, 277.3136, 247.9922])",Woman
370,370,posts\rasmusprehn\pic_2.jpeg,"tensor([  4.6960, 115.3097, 109.1881, 337.1411])",Woman
371,371,posts\rasmusprehn\pic_2.jpeg,"tensor([218.8116, 165.3470, 259.4467, 216.9120])",Man
372,372,posts\rasmusprehn\pic_2.jpeg,"tensor([399.0882, 184.5190, 422.5928, 215.9749])",Woman
373,373,posts\simonkollerup\pic_23.jpeg,"tensor([ 76.4516, 191.1524, 104.6758, 225.1018])",Man
374,374,posts\tommyahlers\pic_36.jpeg,"tensor([318.5487,  83.1731, 509.5201, 364.3823])",Man
375,375,posts\tommyahlers\pic_36.jpeg,"tensor([  1.1986,  78.8746, 174.4073, 377.7458])",Man
376,376,posts\danj.klimaminister\pic_20.jpeg,"tensor([ 95.2894, 263.6174, 131.2355, 312.0229])",Man
377,377,posts\danj.klimaminister\pic_20.jpeg,"tensor([442.6176, 239.5628, 484.0738, 295.2439])",Man
378,378,posts\torstenschackpedersen\pic_7.jpeg,"tensor([204.8210, 191.4775, 329.3873, 353.0934])",Woman
379,379,posts\torstenschackpedersen\pic_7.jpeg,"tensor([448.1072, 166.7845, 583.8406, 334.2948])",Man
380,380,posts\torstenschackpedersen\pic_7.jpeg,"tensor([329.8059, 333.0684, 463.7838, 514.9048])",Woman
381,381,posts\michaelaastrupjensen\pic_42.jpeg,"tensor([273.4864, 170.9581, 350.7274, 278.0780])",Man
382,382,posts\bbbrandenborg\pic_16.jpeg,"tensor([127.9881,  76.5871, 376.7419, 397.2718])",Man
383,383,posts\martinr.geertsen\pic_10.jpeg,"tensor([170.4096, 258.9957, 316.4850, 450.7394])",Woman
384,384,posts\mette.abildgaard\pic_16.jpeg,"tensor([160.5011, 200.6011, 281.5434, 340.7224])",Woman
385,385,posts\mette.abildgaard\pic_16.jpeg,"tensor([389.4750, 204.3922, 493.0605, 320.5633])",Woman
386,386,posts\liselottblixt\pic_175.jpeg,"tensor([184.7713,   4.2604, 261.2764,  70.9414])",Man
387,387,posts\jacobmarkfolketinget\pic_27.jpeg,"tensor([185.9992, 162.4774, 292.8496, 304.9529])",Man
388,388,posts\jacobmarkfolketinget\pic_27.jpeg,"tensor([427.2737, 301.1313, 519.1897, 421.5754])",Woman
389,389,posts\jacobmarkfolketinget\pic_27.jpeg,"tensor([278.2906, 280.5606, 360.1901, 386.1585])",Woman
390,390,posts\karinaadsbol\pic_1.jpeg,"tensor([256.9229, 138.2294, 413.4582, 370.7007])",Woman
391,391,posts\jensjoel\pic_67.jpeg,"tensor([ 86.6404,   6.7830, 306.4886, 539.6676])",Man
392,392,posts\sossepernille\pic_39.jpeg,"tensor([225.4517, 167.4535, 446.2548, 438.3049])",Man
393,393,posts\jeppebruus\pic_25.jpeg,"tensor([495.2044,  69.2968, 583.9011, 191.3018])",Man
394,394,posts\ullatornaes\pic_124.jpeg,"tensor([244.8684,  48.6443, 322.9649, 151.7245])",Woman
395,395,posts\torsten.gejl\pic_17.jpeg,"tensor([280.2617, 185.6623, 510.0766, 485.5073])",Man
396,396,posts\mette.thiesen\pic_6.jpeg,"tensor([208.4050,  50.1137, 436.3544, 382.4399])",Woman
397,397,posts\rasmusprehn\pic_48.jpeg,"tensor([129.6282,  80.8705, 338.7942, 342.0900])",Man
398,398,posts\maimercado_dk\pic_8.jpeg,"tensor([270.4890,  57.7744, 340.1495, 155.3896])",Woman
399,399,posts\marcus.knuth\pic_1.jpeg,"tensor([383.8448, 131.0965, 487.2111, 274.5833])",Man
400,400,posts\lars_chr_lilleholt\pic_10.jpeg,"tensor([297.4551,  15.8946, 515.6528, 189.2003])",Man
401,401,posts\christian.rabjerg\pic_14.jpeg,"tensor([169.0999, 279.5906, 239.4977, 369.2518])",Man
402,402,posts\christian.rabjerg\pic_14.jpeg,"tensor([429.2473, 252.7354, 466.9476, 301.5742])",Man
403,403,posts\christian.rabjerg\pic_14.jpeg,"tensor([172.2945, 195.8083, 208.6707, 247.4420])",Man
404,404,posts\christian.rabjerg\pic_14.jpeg,"tensor([488.8458, 255.6840, 526.7087, 300.9654])",Woman
405,405,posts\christian.rabjerg\pic_14.jpeg,"tensor([246.3215, 249.4368, 293.2822, 315.1331])",Man
406,406,posts\christian.rabjerg\pic_14.jpeg,"tensor([578.5634, 241.6709, 629.6804, 301.8759])",Man
407,407,posts\christian.rabjerg\pic_14.jpeg,"tensor([ 85.1396, 218.7225, 128.9847, 276.4787])",Man
408,408,posts\katrinerobsoe\pic_5.jpeg,"tensor([255.9472, 269.9375, 302.8141, 332.4052])",Woman
409,409,posts\rosa_lund\pic_57.jpeg,"tensor([381.9046,   4.0521, 523.7087, 135.1367])",Man
410,410,posts\larsbojemathiesen\pic_34.jpeg,"tensor([ 20.0395, 144.3747, 198.4309, 503.3005])",Man
411,411,posts\annesophie.radikale\pic_27.jpeg,"tensor([  1.8618, 203.3826,  31.8134, 243.8208])",Man
412,412,posts\annesophie.radikale\pic_27.jpeg,"tensor([327.9800, 192.8658, 361.1076, 234.8975])",Man
413,413,posts\annesophie.radikale\pic_27.jpeg,"tensor([476.0938, 236.5833, 505.0656, 273.5191])",Man
414,414,posts\annesophie.radikale\pic_27.jpeg,"tensor([438.3807, 217.1500, 464.1140, 249.9763])",Man
415,415,posts\annesophie.radikale\pic_27.jpeg,"tensor([363.9174, 226.8317, 392.8454, 262.7480])",Man
416,416,posts\annesophie.radikale\pic_27.jpeg,"tensor([147.8816, 202.8713, 176.0968, 237.6088])",Man
417,417,posts\annesophie.radikale\pic_27.jpeg,"tensor([612.4059, 200.6562, 640.9315, 239.7674])",Man
418,418,posts\annesophie.radikale\pic_27.jpeg,"tensor([518.5921, 274.1313, 556.2204, 327.3564])",Man
419,419,posts\annesophie.radikale\pic_27.jpeg,"tensor([524.3607, 221.5611, 558.2971, 268.6901])",Man
420,420,posts\annesophie.radikale\pic_27.jpeg,"tensor([ 74.6081, 212.3492, 101.6334, 246.6590])",Woman
421,421,posts\piaolsendyhr\pic_100.jpeg,"tensor([197.5346, 353.1348, 269.8765, 462.3815])",Woman
422,422,posts\christian.rabjerg\pic_8.jpeg,"tensor([438.1689, 297.2944, 513.2582, 385.4073])",Man
423,423,posts\christian.rabjerg\pic_8.jpeg,"tensor([398.7906, 392.7592, 444.6884, 449.9489])",Man
424,424,posts\idaauken\pic_13.jpeg,"tensor([383.0127,  30.8235, 476.6545, 155.1973])",Man
425,425,posts\idaauken\pic_13.jpeg,"tensor([220.8453,  83.5366, 297.8649, 187.9531])",Woman
426,426,posts\jacobmarkfolketinget\pic_16.jpeg,"tensor([310.2983, 482.8192, 383.9583, 568.9038])",Man
427,427,posts\mortenoestergaard\pic_7.jpeg,"tensor([537.6583, 171.0558, 565.4664, 207.2966])",Man
428,428,posts\mortenoestergaard\pic_7.jpeg,"tensor([ 84.5613, 122.6451, 116.4002, 166.2156])",Man
429,429,posts\mortenoestergaard\pic_7.jpeg,"tensor([378.2120, 157.9816, 404.5557, 189.6049])",Man
430,430,posts\mortenoestergaard\pic_7.jpeg,"tensor([237.5880, 182.4536, 262.5375, 213.4341])",Man
431,431,posts\tommyahlers\pic_32.jpeg,"tensor([193.3495,   5.0432, 395.4863, 174.9499])",Man
432,432,posts\zenia.stampe\pic_98.jpeg,"tensor([198.5695,  79.0625, 486.8164, 428.6966])",Woman
433,433,posts\stojberginger\pic_2.jpeg,"tensor([ 13.2329,   7.0094, 264.6771, 310.8927])",Man
434,434,posts\jensjoel\pic_107.jpeg,"tensor([ 23.8567, 100.8203, 270.8225, 511.7392])",Man
435,435,posts\jakobellemann\pic_59.jpeg,"tensor([363.5515, 423.6798, 501.5294, 526.7750])",Woman
436,436,posts\mette.thiesen\pic_45.jpeg,"tensor([ 16.1425,  51.7794,  74.3644, 131.3735])",Woman
437,437,posts\mette.thiesen\pic_45.jpeg,"tensor([386.5898, 118.3249, 452.3048, 245.2246])",Man
438,438,posts\lind_annette\pic_19.jpeg,"tensor([461.7626,  57.6817, 524.1419, 141.0935])",Woman
439,439,posts\lind_annette\pic_19.jpeg,"tensor([246.1202,  91.3195, 306.2978, 169.7945])",Woman
440,440,posts\lind_annette\pic_19.jpeg,"tensor([ 75.8029,  39.9122, 145.1180, 132.7961])",Woman
441,441,posts\lind_annette\pic_19.jpeg,"tensor([591.9721,  40.9865, 638.7958, 134.3109])",Woman
442,442,posts\lisbethbp\pic_44.jpeg,"tensor([130.0315, 197.0183, 169.6524, 258.6157])",Man
443,443,posts\lisbethbp\pic_44.jpeg,"tensor([228.7410, 216.0607, 255.3631, 250.2318])",Woman
444,444,posts\larsloekke\pic_71.jpeg,"tensor([ 56.8023,  49.1076, 104.1125, 112.2605])",Man
445,445,posts\mariebjerre.dk\pic_71.jpeg,"tensor([477.6474,  36.8961, 525.5226, 100.9196])",Woman
446,446,posts\mariebjerre.dk\pic_71.jpeg,"tensor([197.2717, 112.7918, 221.3562, 145.1619])",Woman
447,447,posts\brigitte_klintskov_jerkel\pic_126.jpeg,"tensor([295.8590,  97.6392, 523.3085, 412.4556])",Woman
448,448,posts\khoenge\pic_100.jpeg,"tensor([106.6760, 189.1485, 173.5977, 271.1893])",Woman
449,449,posts\khoenge\pic_100.jpeg,"tensor([286.3672, 263.0686, 349.2493, 342.9854])",Woman
450,450,posts\khoenge\pic_100.jpeg,"tensor([482.3442, 252.9147, 563.9719, 353.1841])",Woman
451,451,posts\ftmktm\pic_9.jpeg,"tensor([519.4210, 157.3248, 565.4910, 213.4389])",Woman
452,452,posts\mortenoestergaard\pic_14.jpeg,"tensor([528.4519, 203.2095, 643.0083, 361.2351])",Woman
453,453,posts\mortenoestergaard\pic_14.jpeg,"tensor([  3.9578, 213.5397, 118.6954, 384.5930])",Man
454,454,posts\mortenoestergaard\pic_14.jpeg,"tensor([300.2095, 196.8840, 395.8101, 309.8392])",Man
455,455,posts\mortenoestergaard\pic_14.jpeg,"tensor([200.4340, 226.5349, 275.5015, 322.0912])",Man
456,456,posts\torp71\pic_40.jpeg,"tensor([498.1230,  55.3942, 549.5327, 121.4236])",Woman
457,457,posts\torp71\pic_40.jpeg,"tensor([ 37.5763, 370.9972, 120.5898, 478.4484])",Woman
458,458,posts\torp71\pic_40.jpeg,"tensor([371.5508,  55.0551, 415.3296, 112.2644])",Woman
459,459,posts\torp71\pic_40.jpeg,"tensor([363.7899, 377.8610, 415.8233, 440.0406])",Man
460,460,posts\torp71\pic_40.jpeg,"tensor([195.8936, 182.4480, 238.2216, 238.9989])",Woman
461,461,posts\torp71\pic_40.jpeg,"tensor([455.4899, 392.5810, 509.0159, 455.9467])",Woman
462,462,posts\kaspersandkjaer\pic_63.jpeg,"tensor([340.3252, 132.1948, 544.4938, 359.3305])",Woman
463,463,posts\piaolsendyhr\pic_122.jpeg,"tensor([216.6857,  39.6180, 269.4018, 112.6805])",Woman
464,464,posts\annimatthiesen\pic_33.jpeg,"tensor([358.8721, 393.5438, 612.6852, 654.7600])",Woman
465,465,posts\janeheitmann\pic_49.jpeg,"tensor([304.2663,  19.0755, 348.7848,  77.7310])",Woman
466,466,posts\stenknuth\pic_13.jpeg,"tensor([328.8198, 149.7060, 419.6124, 279.2012])",Man
467,467,posts\victoria.r.velasquez\pic_130.jpeg,"tensor([ 98.5304,  55.5728, 397.2875, 445.5018])",Woman
468,468,posts\samiranawa\pic_67.jpeg,"tensor([ 73.0602, 138.1786, 245.1364, 362.8442])",Woman
469,469,posts\mariebjerre.dk\pic_33.jpeg,"tensor([ 13.4921,   4.1483, 220.4514, 339.1511])",Woman
470,470,posts\juulmona\pic_17.jpeg,"tensor([520.9467, 286.2600, 575.9158, 356.3070])",Man
471,471,posts\juulmona\pic_17.jpeg,"tensor([204.2604, 313.0863, 252.5238, 376.5323])",Woman
472,472,posts\juulmona\pic_17.jpeg,"tensor([ 58.8330, 293.1928, 114.1651, 361.3712])",Woman
473,473,posts\lars_chr_lilleholt\pic_3.jpeg,"tensor([282.2223, 257.3895, 334.3766, 321.9095])",Man
474,474,posts\peter_seier_christensen\pic_91.jpeg,"tensor([156.7978,  54.3584, 204.9980, 118.9154])",Man
475,475,posts\peter_seier_christensen\pic_91.jpeg,"tensor([  6.5307, 102.5339,  44.7309, 149.0995])",Woman
476,476,posts\peter_seier_christensen\pic_91.jpeg,"tensor([231.2501,  71.9977, 273.0404, 118.7183])",Man
477,477,posts\peter_seier_christensen\pic_91.jpeg,"tensor([  1.0654, 188.8240,  31.3158, 237.8839])",Woman
478,478,posts\maimercado_dk\pic_17.jpeg,"tensor([275.7834,   7.2884, 406.4406, 148.8900])",Man
479,479,posts\astridcaroe\pic_23.jpeg,"tensor([312.4189, 383.9943, 557.3837, 686.2261])",Woman
480,480,posts\astridcaroe\pic_23.jpeg,"tensor([ 85.0198,  75.6356, 164.0909, 183.9687])",Man
481,481,posts\astridkrag\pic_131.jpeg,"tensor([174.6949,  35.2841, 335.9687, 251.5113])",Woman
482,482,posts\mogensjensen\pic_22.jpeg,"tensor([322.8097, 105.4255, 353.6807, 141.9464])",Man
483,483,posts\mogensjensen\pic_22.jpeg,"tensor([400.7162,  30.1228, 454.5086,  98.3012])",Woman
484,484,posts\mogensjensen\pic_22.jpeg,"tensor([189.0950,  95.2252, 233.4341, 149.4885])",Woman
485,485,posts\kristianjensenmf\pic_32.jpeg,"tensor([474.1872, 209.3094, 499.1729, 244.9972])",Man
486,486,posts\michaelaastrupjensen\pic_3.jpeg,"tensor([110.1241, 250.2303, 253.6235, 444.5105])",Man
487,487,posts\sofiecarstennielsen\pic_206.jpeg,"tensor([ 92.9814, 157.5318, 157.8642, 253.6229])",Man
488,488,posts\charlottemolbaek\pic_87.jpeg,"tensor([  3.8473, 216.4769, 159.3176, 463.6301])",Man
489,489,posts\martin.lidegaard\pic_2.jpeg,"tensor([349.7344, 192.1662, 400.5007, 257.4633])",Woman
490,490,posts\martin.lidegaard\pic_2.jpeg,"tensor([126.3836, 130.9253, 190.9142, 219.1933])",Man
491,491,posts\martin.lidegaard\pic_2.jpeg,"tensor([471.1431, 166.5911, 520.5267, 231.3874])",Woman
492,492,posts\maimercado_dk\pic_40.jpeg,"tensor([106.8976, 163.6797, 340.0505, 437.9337])",Woman
493,493,posts\maimercado_dk\pic_40.jpeg,"tensor([226.0721, 193.6527, 406.5327, 447.2885])",Man
494,494,posts\danj.klimaminister\pic_132.jpeg,"tensor([224.5818, 168.3883, 266.0634, 228.3945])",Woman
495,495,posts\rasmushelvegpetersen\pic_4.jpeg,"tensor([409.2864,  41.1620, 632.9883, 332.5320])",Man
496,496,posts\fabricius.camilla\pic_26.jpeg,"tensor([274.8073, 120.8262, 385.9945, 276.1368])",Woman
497,497,posts\evaflyvholm_enhedslisten\pic_8.jpeg,"tensor([ 22.2313, 190.6083, 169.1161, 381.6021])",Woman
498,498,posts\evaflyvholm_enhedslisten\pic_8.jpeg,"tensor([457.9249, 249.4737, 539.5298, 350.4570])",Woman
499,499,posts\jensjoel\pic_66.jpeg,"tensor([348.1608,   8.9807, 601.3470, 279.3923])",Man
500,500,posts\lars_chr_lilleholt\pic_2.jpeg,"tensor([ 84.3434, 130.8665, 146.7398, 212.6102])",Man
501,501,posts\lars_chr_lilleholt\pic_2.jpeg,"tensor([416.0721, 224.1528, 467.9692, 286.3316])",Woman
502,502,posts\louise_elholm\pic_14.jpeg,"tensor([186.0304, 161.0321, 340.7763, 366.8909])",Woman
503,503,posts\rosa_lund\pic_11.jpeg,"tensor([ 97.7238, 234.2442, 272.7260, 436.8719])",Man
504,504,posts\rosa_lund\pic_11.jpeg,"tensor([266.1528, 155.0421, 462.7946, 360.4631])",Man
505,505,posts\krarupmarie\pic_34.jpeg,"tensor([ 89.0006, 249.2394, 329.8839, 591.9968])",Woman
506,506,posts\mariebjerre.dk\pic_34.jpeg,"tensor([212.6607, 132.9723, 385.6258, 369.2209])",Woman
507,507,posts\carl_valentin\pic_2.jpeg,"tensor([147.0100,  34.6958, 189.3660, 116.2752])",Man
508,508,posts\birgitte.vind\pic_12.jpeg,"tensor([ 67.9078, 188.8328, 276.7540, 454.6794])",Man
509,509,posts\birgitte.vind\pic_12.jpeg,"tensor([425.7551, 259.2771, 600.0614, 464.5078])",Woman
510,510,posts\birgittebergman\pic_0.jpeg,"tensor([130.9286, 246.4111, 350.8177, 521.8110])",Woman
511,511,posts\idaauken\pic_0.jpeg,"tensor([147.7507, 238.9244, 439.5508, 607.5352])",Woman
512,512,posts\tommyahlers\pic_23.jpeg,"tensor([391.3223,  12.0025, 623.8520, 365.1046])",Man
513,513,posts\astridcaroe\pic_35.jpeg,"tensor([306.2713, 115.8813, 333.7309, 148.5731])",Woman
514,514,posts\astridcaroe\pic_13.jpeg,"tensor([257.3732, 285.3235, 280.1330, 314.4338])",Man
515,515,posts\astridcaroe\pic_13.jpeg,"tensor([571.3948, 272.4518, 595.2896, 301.6904])",Man
516,516,posts\astridcaroe\pic_13.jpeg,"tensor([205.9670, 297.9816, 227.6768, 325.4056])",Woman
517,517,posts\astridcaroe\pic_13.jpeg,"tensor([350.7167, 282.0951, 372.7847, 309.3612])",Woman
518,518,posts\astridcaroe\pic_13.jpeg,"tensor([400.2075, 292.9543, 423.2238, 322.0621])",Man
519,519,posts\astridcaroe\pic_13.jpeg,"tensor([ 79.6096, 321.6930, 100.6085, 347.5749])",Man
520,520,posts\astridcaroe\pic_13.jpeg,"tensor([306.4837, 296.2286, 328.3190, 323.8367])",Woman
521,521,posts\astridcaroe\pic_13.jpeg,"tensor([  4.2588, 311.4542,  25.5383, 337.6001])",Man
522,522,posts\astridcaroe\pic_13.jpeg,"tensor([102.5660, 271.2996, 126.9128, 300.1465])",Man
523,523,posts\dennisflydtkjaer1\pic_25.jpeg,"tensor([335.1171, 187.5263, 361.4531, 220.7526])",Man
524,524,posts\dennisflydtkjaer1\pic_25.jpeg,"tensor([ 85.6764, 189.6199, 116.5263, 229.2166])",Man
525,525,posts\misshalimeoguz\pic_6.jpeg,"tensor([202.0209,  96.1571, 456.4083, 444.6713])",Woman
526,526,posts\piakjaersgaard1\pic_197.jpeg,"tensor([  5.9716, 226.5190, 269.1082, 548.8953])",Man
527,527,posts\fugledemads\pic_19.jpeg,"tensor([150.4589, 134.2168, 404.3293, 390.8578])",Man
528,528,posts\evaflyvholm_enhedslisten\pic_15.jpeg,"tensor([180.8461, 192.2267, 275.1644, 319.3083])",Man
529,529,posts\jensjoel\pic_24.jpeg,"tensor([276.6027, 190.2818, 332.3114, 260.2846])",Man
530,530,posts\piaolsendyhr\pic_0.jpeg,"tensor([335.5694, 206.0852, 490.4912, 361.6099])",Man
531,531,posts\birgittebergman\pic_46.jpeg,"tensor([ 22.5549, 150.5989,  60.7849, 202.4955])",Woman
532,532,posts\kaspersandkjaer\pic_47.jpeg,"tensor([293.4549, 135.9467, 369.7614, 241.3698])",Man
533,533,posts\evakjerhansen\pic_33.jpeg,"tensor([442.3263, 171.4576, 520.8592, 303.4573])",Man
534,534,posts\denhenrikdahl\pic_7.jpeg,"tensor([195.7576, 115.7335, 380.8383, 372.8798])",Man
535,535,posts\torsten.gejl\pic_30.jpeg,"tensor([248.7054,  36.4257, 373.0072, 212.4574])",Woman
536,536,posts\mette.abildgaard\pic_93.jpeg,"tensor([168.4493, 118.1784, 206.4751, 167.5544])",Woman
537,537,posts\evaflyvholm_enhedslisten\pic_18.jpeg,"tensor([507.1907, 227.6331, 573.4646, 308.2304])",Woman
538,538,posts\evaflyvholm_enhedslisten\pic_18.jpeg,"tensor([  1.3104, 197.8835, 131.5079, 411.2028])",Woman
539,539,posts\danj.klimaminister\pic_0.jpeg,"tensor([400.9118, 165.7380, 570.0939, 403.5758])",Man
540,540,posts\larsloekke\pic_32.jpeg,"tensor([244.5514,  84.3265, 460.4468, 391.5848])",Man
541,541,posts\mette\pic_299.jpeg,"tensor([353.9938,  97.3071, 643.5262, 492.0576])",Woman
542,542,posts\karen.ellemann\pic_24.jpeg,"tensor([265.9802,   3.5545, 406.6114, 173.0806])",Woman
543,543,posts\sjurdurskaale\pic_41.jpeg,"tensor([216.5427, 175.0378, 375.1109, 393.6960])",Man
544,544,posts\alexvanopslagh\pic_21.jpeg,"tensor([312.5207, 304.6594, 579.0645, 561.2763])",Woman
545,545,posts\simonkollerup\pic_37.jpeg,"tensor([395.1093, 199.1300, 540.7537, 394.4663])",Man
546,546,posts\danj.klimaminister\pic_148.jpeg,"tensor([279.4535,  69.8747, 410.3589, 243.9470])",Woman
547,547,posts\katrinerobsoe\pic_28.jpeg,"tensor([458.5939,  53.3162, 546.6321, 167.4404])",Man
548,548,posts\michaelaastrupjensen\pic_2.jpeg,"tensor([ 75.2092, 195.0567, 116.7545, 251.5653])",Woman
549,549,posts\michaelaastrupjensen\pic_2.jpeg,"tensor([151.2672,  89.1722, 187.5469, 145.5489])",Woman
550,550,posts\michaelaastrupjensen\pic_2.jpeg,"tensor([280.0484,  24.4181, 321.0551,  80.9084])",Man
551,551,posts\charlottemolbaek\pic_27.jpeg,"tensor([ 29.0738, 290.6712, 207.6922, 518.6951])",Woman
552,552,posts\charlottemolbaek\pic_27.jpeg,"tensor([495.4138, 323.6433, 645.3699, 543.3578])",Woman
553,553,posts\sikandarsiddique_\pic_102.jpeg,"tensor([275.0194, 166.4653, 331.4734, 239.3332])",Man
554,554,posts\tommyahlers\pic_15.jpeg,"tensor([  4.8280, 181.2479, 140.7443, 390.3817])",Man
555,555,posts\tommyahlers\pic_15.jpeg,"tensor([517.0367, 269.8373, 643.3527, 468.1628])",Man
556,556,posts\mai_villadsen\pic_60.jpeg,"tensor([195.2837, 170.7782, 271.9481, 275.7554])",Woman
557,557,posts\mai_villadsen\pic_60.jpeg,"tensor([314.4072, 140.7542, 386.6537, 240.7132])",Woman
558,558,posts\misshalimeoguz\pic_25.jpeg,"tensor([ 59.2661, 150.7941, 418.5152, 609.6305])",Woman
559,559,posts\evakjerhansen\pic_17.jpeg,"tensor([428.5452, 196.9427, 551.4753, 350.1160])",Woman
560,560,posts\sofiecarstennielsen\pic_119.jpeg,"tensor([367.7490, 300.7553, 600.4682, 535.2405])",Man
561,561,posts\troelsravn1\pic_4.jpeg,"tensor([421.1780, 553.9003, 495.0824, 644.0268])",Man
562,562,posts\troelsravn1\pic_4.jpeg,"tensor([537.1830, 267.2375, 565.3561, 302.9127])",Woman
563,563,posts\bertel.haarder\pic_9.jpeg,"tensor([435.0056, 202.2972, 463.0077, 237.9887])",Man
564,564,posts\bertel.haarder\pic_9.jpeg,"tensor([102.1561, 185.0042, 126.3741, 215.7949])",Woman
565,565,posts\bertel.haarder\pic_9.jpeg,"tensor([313.9240, 236.0735, 336.1950, 263.5881])",Woman
566,566,posts\bertel.haarder\pic_9.jpeg,"tensor([253.3368, 212.8311, 276.4285, 242.0275])",Man
567,567,posts\bertel.haarder\pic_9.jpeg,"tensor([176.8978, 184.3766, 197.8174, 210.8038])",Man
568,568,posts\bertel.haarder\pic_9.jpeg,"tensor([374.4622, 230.2321, 397.6851, 259.4417])",Man
569,569,posts\danj.klimaminister\pic_175.jpeg,"tensor([268.0125, 277.8521, 309.7703, 328.8492])",Man
570,570,posts\danj.klimaminister\pic_175.jpeg,"tensor([ 24.8805, 270.1235,  66.2461, 324.6772])",Woman
571,571,posts\danj.klimaminister\pic_175.jpeg,"tensor([264.1208,  17.7888, 306.3180,  72.2717])",Woman
572,572,posts\danj.klimaminister\pic_175.jpeg,"tensor([22.0070, 23.1632, 63.3242, 77.5337])",Woman
573,573,posts\pernillevermund\pic_237.jpeg,"tensor([226.1519,  97.6357, 306.2693, 188.4562])",Woman
574,574,posts\simonkollerup\pic_32.jpeg,"tensor([240.0619, 236.0408, 447.8553, 535.4454])",Man
575,575,posts\astridcaroe\pic_8.jpeg,"tensor([ 72.6071,  90.5247, 306.9064, 423.3624])",Woman
576,576,posts\mortendahlin\pic_18.jpeg,"tensor([256.4340, 115.1595, 397.0552, 320.9230])",Man
577,577,posts\bennyengelbrecht\pic_10.jpeg,"tensor([  3.0134, 127.8730, 278.7838, 465.4474])",Man
578,578,posts\bennyengelbrecht\pic_10.jpeg,"tensor([473.4729, 315.6287, 540.8055, 397.8869])",Man
579,579,posts\kristianthulesendahl\pic_45.jpeg,"tensor([ 67.7864,   7.6339, 493.4647, 341.6138])",Man
580,580,posts\troelsravn1\pic_6.jpeg,"tensor([218.6337, 181.9153, 294.4304, 284.5486])",Man
581,581,posts\troelsravn1\pic_6.jpeg,"tensor([2.5281e-01, 3.8044e+02, 4.8427e+01, 4.7556e+02])",Man
582,582,posts\mette\pic_64.jpeg,"tensor([189.2182, 206.2900, 199.6879, 219.8324])",Man
583,583,posts\brittbager\pic_26.jpeg,"tensor([351.5702, 156.6601, 435.2245, 266.2445])",Woman
584,584,posts\maltelarsen_randers\pic_12.jpeg,"tensor([ 77.6819, 153.1402, 231.5489, 342.6627])",Man
585,585,posts\maltelarsen_randers\pic_12.jpeg,"tensor([412.8350, 229.1827, 495.7456, 334.0833])",Man
586,586,posts\leawermelin\pic_54.jpeg,"tensor([318.5867,  56.8091, 353.9896, 103.6621])",Woman
587,587,posts\leawermelin\pic_54.jpeg,"tensor([453.7839, 356.9941, 476.5220, 384.8074])",Man
588,588,posts\leawermelin\pic_54.jpeg,"tensor([209.6978, 347.2463, 230.9966, 372.9139])",Woman
589,589,posts\leawermelin\pic_54.jpeg,"tensor([536.8486, 371.1593, 554.2527, 391.9226])",Man
590,590,posts\jacobmarkfolketinget\pic_6.jpeg,"tensor([320.4637, 301.3605, 368.7361, 370.0074])",Man
591,591,posts\peterhummelgaard\pic_15.jpeg,"tensor([192.1484,  49.5500, 358.0661, 241.5180])",Man
592,592,posts\peterhummelgaard\pic_15.jpeg,"tensor([2.7532e+02, 4.4937e-02, 4.4922e+02, 2.4966e+02])",Man
593,593,posts\annepaulin\pic_24.jpeg,"tensor([  5.5181,   5.7694, 227.2159, 244.8264])",Woman
594,594,posts\annepaulin\pic_24.jpeg,"tensor([621.4632,  29.9197, 639.3926,  53.6596])",Man
595,595,posts\magnusheunicke\pic_55.jpeg,"tensor([121.6349,   1.1887, 271.5142, 141.7831])",Man
596,596,posts\birgittebergman\pic_19.jpeg,"tensor([369.8855, 169.7291, 478.6316, 307.5673])",Woman
597,597,posts\birgittebergman\pic_19.jpeg,"tensor([190.9527,  72.9940, 312.5759, 232.8137])",Man
598,598,posts\rasmuslanghoff\pic_30.jpeg,"tensor([243.7198,  64.3124, 318.1425, 181.8126])",Man
599,599,posts\idaauken\pic_7.jpeg,"tensor([ 95.5763, 193.4431, 139.0288, 249.0991])",Man
600,600,posts\idaauken\pic_7.jpeg,"tensor([507.0118, 193.3587, 550.1425, 246.4241])",Woman
601,601,posts\idaauken\pic_7.jpeg,"tensor([383.7414, 181.5642, 426.2100, 238.4592])",Woman
602,602,posts\annevalentinaberthelsen\pic_19.jpeg,"tensor([ 58.4486, 128.5129, 239.8259, 382.8809])",Woman
603,603,posts\mettedencker\pic_89.jpeg,"tensor([ 28.5806, 224.5576, 134.2156, 367.9487])",Woman
604,604,posts\mettedencker\pic_89.jpeg,"tensor([215.2357, 196.5366, 316.0278, 335.4278])",Woman
605,605,posts\mettedencker\pic_89.jpeg,"tensor([354.5248,  93.2318, 479.8452, 276.0534])",Man
606,606,posts\katarinaammitzboell\pic_101.jpeg,"tensor([273.9164, 242.6434, 366.1753, 376.4899])",Woman
607,607,posts\katarinaammitzboell\pic_101.jpeg,"tensor([ 76.8012, 204.7463, 142.8031, 305.9675])",Woman
608,608,posts\rasmusprehn\pic_68.jpeg,"tensor([226.6275, 129.8375, 301.1411, 218.2173])",Woman
609,609,posts\rasmusprehn\pic_68.jpeg,"tensor([491.6356,  87.1162, 618.0777, 309.6957])",Woman
610,610,posts\annehonoreoestergaard\pic_125.jpeg,"tensor([190.3551, 155.8474, 246.7421, 232.1352])",Woman
611,611,posts\marcus.knuth\pic_15.jpeg,"tensor([  0.5951, 117.5653, 175.1699, 396.6605])",Man
612,612,posts\marcus.knuth\pic_15.jpeg,"tensor([ 55.2317, 364.3168, 285.6318, 626.7139])",Man
613,613,posts\rasmuslanghoff\pic_7.jpeg,"tensor([143.0781, 250.4743, 172.4972, 286.1802])",Woman
614,614,posts\mettedencker\pic_79.jpeg,"tensor([365.4501,  60.6539, 597.7200, 387.2540])",Woman
615,615,posts\mettedencker\pic_79.jpeg,"tensor([ 73.3277, 215.0704, 249.4215, 439.3829])",Man
616,616,posts\simonemil.ammitzboell\pic_3.jpeg,"tensor([243.7061, 102.1782, 597.6180, 337.3847])",Man
617,617,posts\simonemil.ammitzboell\pic_3.jpeg,"tensor([  8.9811, 197.1789, 434.8798, 714.7586])",Man
618,618,posts\trine.bramsen\pic_22.jpeg,"tensor([467.7635, 210.5705, 596.0605, 366.8298])",Man
619,619,posts\rosa_lund\pic_139.jpeg,"tensor([319.7246,  72.3515, 363.2104, 124.6747])",Woman
620,620,posts\danj.klimaminister\pic_45.jpeg,"tensor([ 56.5523,  93.9027, 235.9770, 334.1120])",Man
621,621,posts\dennisflydtkjaer1\pic_7.jpeg,"tensor([221.1785, 348.0112, 356.3767, 536.1598])",Woman
622,622,posts\evaflyvholm_enhedslisten\pic_22.jpeg,"tensor([  5.8603,  47.2923, 214.0591, 319.8057])",Woman
623,623,posts\evaflyvholm_enhedslisten\pic_22.jpeg,"tensor([280.2030, 505.7271, 301.9036, 535.0490])",Man
624,624,posts\nikolajvillumsen\pic_82.jpeg,"tensor([409.5399, 173.0648, 461.9530, 241.4066])",Man
625,625,posts\nikolajvillumsen\pic_82.jpeg,"tensor([393.7103,  31.1389, 436.1464,  86.0721])",Man
626,626,posts\nikolajvillumsen\pic_82.jpeg,"tensor([221.0784, 151.6647, 279.1086, 226.7670])",Man
627,627,posts\jakobellemann\pic_80.jpeg,"tensor([162.7840, 245.7699, 194.8170, 288.8473])",Man
628,628,posts\jakobellemann\pic_80.jpeg,"tensor([448.0649, 228.7266, 476.1701, 268.2319])",Man
629,629,posts\jakobellemann\pic_80.jpeg,"tensor([312.4776, 246.9671, 339.9706, 282.4386])",Man
630,630,posts\jakobellemann\pic_80.jpeg,"tensor([ 59.3996, 254.3094,  82.7804, 283.9235])",Man
631,631,posts\jakobellemann\pic_80.jpeg,"tensor([  1.2150, 270.5770,  23.7904, 301.0180])",Man
632,632,posts\aaja_chemnitz\pic_22.jpeg,"tensor([ 22.8793, 578.0209,  75.4794, 638.2399])",Man
633,633,posts\zenia.stampe\pic_36.jpeg,"tensor([496.5158, 259.9877, 644.4989, 493.1492])",Man
634,634,posts\ftmktm\pic_70.jpeg,"tensor([509.2261, 135.4396, 595.9630, 245.7929])",Man
635,635,posts\ftmktm\pic_70.jpeg,"tensor([ 66.8984, 138.8503, 147.9400, 245.1483])",Woman
636,636,posts\ftmktm\pic_70.jpeg,"tensor([332.4451, 136.3013, 401.5561, 233.9271])",Man
637,637,posts\lind_annette\pic_1.jpeg,"tensor([267.1866, 134.5578, 306.5462, 184.6673])",Woman
638,638,posts\maltelarsen_randers\pic_13.jpeg,"tensor([439.2273, 235.7113, 574.0522, 406.4149])",Man
639,639,posts\mrmesserschmidt\pic_96.jpeg,"tensor([286.9546, 199.9051, 378.9374, 312.3796])",Woman
640,640,posts\misshalimeoguz\pic_15.jpeg,"tensor([364.5845, 399.3810, 517.4369, 630.0495])",Woman
641,641,posts\mettedencker\pic_31.jpeg,"tensor([ 61.2061, 398.5659, 266.6781, 648.7417])",Woman
642,642,posts\khoenge\pic_136.jpeg,"tensor([ 40.9456, 212.7125,  89.5189, 274.9701])",Man
643,643,posts\khoenge\pic_136.jpeg,"tensor([126.0577, 238.2843, 169.6846, 296.4396])",Woman
644,644,posts\khoenge\pic_136.jpeg,"tensor([254.6608, 205.9143, 298.5063, 266.4094])",Man
645,645,posts\khoenge\pic_136.jpeg,"tensor([365.7117, 226.7366, 410.4553, 283.7861])",Woman
646,646,posts\karen.ellemann\pic_8.jpeg,"tensor([228.5636,  75.1915, 331.8288, 209.5758])",Woman
647,647,posts\evakjerhansen\pic_8.jpeg,"tensor([ 69.6166, 361.4857, 176.7921, 508.3023])",Woman
648,648,posts\evakjerhansen\pic_8.jpeg,"tensor([392.6011, 481.1806, 528.7858, 636.9408])",Man
649,649,posts\dennisflydtkjaer1\pic_32.jpeg,"tensor([151.2427,  82.2342, 404.6935, 426.9777])",Man
650,650,posts\ftmktm\pic_39.jpeg,"tensor([310.8191, 135.4856, 335.1220, 166.6831])",Woman
651,651,posts\jensjoel\pic_59.jpeg,"tensor([ 11.9499,   1.0346, 212.4410, 353.3510])",Man
652,652,posts\jakobellemann\pic_27.jpeg,"tensor([227.2838,  49.1683, 418.1940, 327.7837])",Man
653,653,posts\piaolsendyhr\pic_185.jpeg,"tensor([237.7181, 391.5974, 415.3746, 608.3600])",Woman
654,654,posts\rasmuslanghoff\pic_6.jpeg,"tensor([534.4606, 168.8145, 567.7843, 211.1377])",Man
655,655,posts\peter_seier_christensen\pic_142.jpeg,"tensor([157.6607,  53.3652, 331.9268, 275.1416])",Man
656,656,posts\peter_seier_christensen\pic_142.jpeg,"tensor([261.3083,  59.2890, 470.2483, 287.9644])",Man
657,657,posts\nielsflemming_kons\pic_0.jpeg,"tensor([212.6340,   5.3821, 398.0157, 200.3409])",Man
658,658,posts\hansandersenmf\pic_35.jpeg,"tensor([530.8839,  51.5407, 582.4908, 127.7754])",Man
659,659,posts\jensjoel\pic_6.jpeg,"tensor([ 63.6077,  63.8475, 145.6396, 173.5493])",Man
660,660,posts\jensjoel\pic_6.jpeg,"tensor([272.3911, 108.1627, 329.7042, 182.2000])",Man
661,661,posts\sjurdurskaale\pic_18.jpeg,"tensor([265.8792, 106.6160, 444.6179, 364.5397])",Man
662,662,posts\bonnesenerling\pic_20.jpeg,"tensor([166.2522, 180.2872, 317.5208, 392.5453])",Man
663,663,posts\christian.rabjerg\pic_18.jpeg,"tensor([184.9564, 341.4879, 216.4584, 379.3513])",Man
664,664,posts\leawermelin\pic_71.jpeg,"tensor([426.2024, 250.7451, 515.6180, 367.7776])",Woman
665,665,posts\leawermelin\pic_71.jpeg,"tensor([117.7740, 267.6693, 345.7201, 592.7111])",Woman
666,666,posts\leawermelin\pic_71.jpeg,"tensor([ 64.3862, 231.7507, 128.2089, 308.5611])",Man
667,667,posts\soren_pape\pic_74.jpeg,"tensor([220.2632,   3.4668, 400.4336, 174.3317])",Man
668,668,posts\rosa_lund\pic_134.jpeg,"tensor([328.1823, 123.2885, 413.3926, 251.8047])",Woman
669,669,posts\stenknuth\pic_68.jpeg,"tensor([235.0536, 127.8546, 313.2659, 230.4807])",Man
670,670,posts\sikandarsiddique_\pic_80.jpeg,"tensor([129.6399,  61.5273, 415.5610, 449.7770])",Woman
671,671,posts\heidibank\pic_4.jpeg,"tensor([268.6831, 189.7483, 300.1788, 226.9903])",Man
672,672,posts\katrinerobsoe\pic_50.jpeg,"tensor([200.3680,  98.4688, 393.1284, 382.3374])",Woman
673,673,posts\marcus.knuth\pic_22.jpeg,"tensor([205.9013, 119.3267, 527.5050, 562.1782])",Woman
674,674,posts\lorentzenkristian\pic_42.jpeg,"tensor([250.3187, 130.0709, 285.1689, 174.8808])",Man
675,675,posts\lorentzenkristian\pic_42.jpeg,"tensor([474.8600, 108.6167, 512.1728, 164.6070])",Man
676,676,posts\lorentzenkristian\pic_42.jpeg,"tensor([347.5472,  95.7437, 384.9801, 142.2307])",Man
677,677,posts\khoenge\pic_79.jpeg,"tensor([ 81.7828, 122.2970, 254.3829, 350.6351])",Man
678,678,posts\mette.thiesen\pic_3.jpeg,"tensor([464.0060, 241.8356, 594.0396, 393.1811])",Woman
679,679,posts\mette.thiesen\pic_3.jpeg,"tensor([ 68.7600, 174.9085, 162.5173, 313.2703])",Woman
680,680,posts\mette.thiesen\pic_3.jpeg,"tensor([360.2987, 131.0415, 459.5934, 258.2494])",Man
681,681,posts\mette.thiesen\pic_3.jpeg,"tensor([213.5516, 117.7348, 294.0498, 224.5848])",Man
682,682,posts\rasmusprehn\pic_42.jpeg,"tensor([175.9908, 154.6469, 212.3428, 201.2709])",Man
683,683,posts\maimercado_dk\pic_20.jpeg,"tensor([361.9150,  98.2448, 485.0131, 260.4371])",Woman
684,684,posts\maimercado_dk\pic_20.jpeg,"tensor([160.8028,  95.5286, 254.0089, 224.8157])",Woman
685,685,posts\maimercado_dk\pic_20.jpeg,"tensor([ 46.9805, 257.0995,  75.8182, 295.0613])",Man
686,686,posts\larsloekke\pic_61.jpeg,"tensor([139.8531, 153.9996, 472.1968, 609.0371])",Man
687,687,posts\katarinaammitzboell\pic_28.jpeg,"tensor([199.7818,  69.9620, 399.2175, 340.9934])",Woman
688,688,posts\denhenrikdahl\pic_19.jpeg,"tensor([379.0108,  52.6245, 470.3001, 176.2642])",Man
689,689,posts\torstenschackpedersen\pic_20.jpeg,"tensor([151.0329, 267.2244, 394.6141, 578.5058])",Man
690,690,posts\torstenschackpedersen\pic_20.jpeg,"tensor([346.5981,  97.9590, 378.8361, 140.1452])",Man
691,691,posts\torstenschackpedersen\pic_20.jpeg,"tensor([470.0768, 121.8428, 497.9782, 152.0379])",Man
692,692,posts\torstenschackpedersen\pic_20.jpeg,"tensor([107.7382, 101.4689, 141.1404, 140.3922])",Woman
693,693,posts\jacobjensen_venstre\pic_17.jpeg,"tensor([497.0813, 158.3353, 549.2064, 223.3331])",Woman
694,694,posts\jacobjensen_venstre\pic_17.jpeg,"tensor([ 97.5761, 119.2022, 152.6621, 188.8049])",Man
695,695,posts\jeppebruus\pic_20.jpeg,"tensor([ 52.0873,  52.7348, 371.3372, 491.3680])",Woman
696,696,posts\mai_villadsen\pic_18.jpeg,"tensor([343.6781,  60.6236, 384.4272, 112.4367])",Man
697,697,posts\pernille_skipper\pic_33.jpeg,"tensor([471.9174,  52.6141, 528.3799, 124.9663])",Woman
698,698,posts\pernille_skipper\pic_33.jpeg,"tensor([326.5918,  75.1281, 364.9071, 125.4217])",Man
699,699,posts\pernille_skipper\pic_33.jpeg,"tensor([116.4186,  38.1718, 156.2957,  94.4643])",Man
700,700,posts\annimatthiesen\pic_8.jpeg,"tensor([246.4710,  68.5064, 321.7468, 167.7884])",Woman
701,701,posts\charlottemolbaek\pic_108.jpeg,"tensor([473.6884, 191.9231, 532.1394, 266.6732])",Woman
702,702,posts\charlottemolbaek\pic_108.jpeg,"tensor([100.4176, 216.4671, 155.5034, 283.2044])",Woman
703,703,posts\sossepernille\pic_5.jpeg,"tensor([152.7331, 103.0165, 504.8996, 559.1931])",Man
704,704,posts\piaolsendyhr\pic_220.jpeg,"tensor([239.3187, 295.6893, 278.0825, 343.1256])",Man
705,705,posts\piaolsendyhr\pic_220.jpeg,"tensor([107.7374, 301.6604, 152.8701, 357.2219])",Woman
706,706,posts\piaolsendyhr\pic_220.jpeg,"tensor([357.7043, 273.1501, 399.4876, 325.7776])",Woman
707,707,posts\piaolsendyhr\pic_220.jpeg,"tensor([522.9110,  86.7987, 564.9299, 134.3257])",Woman
708,708,posts\piaolsendyhr\pic_220.jpeg,"tensor([ 70.7798,  71.6885, 114.0006, 124.8148])",Woman
709,709,posts\piaolsendyhr\pic_220.jpeg,"tensor([240.8784, 117.1989, 278.6384, 164.4170])",Woman
710,710,posts\piaolsendyhr\pic_220.jpeg,"tensor([479.4142, 299.4340, 524.2823, 351.0243])",Woman
711,711,posts\lars_aslan\pic_79.jpeg,"tensor([123.6732, 102.8290, 382.7744, 446.4082])",Man
712,712,posts\ellentranenorby\pic_6.jpeg,"tensor([263.3759, 347.0929, 379.1306, 494.7545])",Man
713,713,posts\hansandersenmf\pic_37.jpeg,"tensor([383.9149, 150.2620, 438.7393, 219.9126])",Man
714,714,posts\hansandersenmf\pic_37.jpeg,"tensor([597.8011, 161.1136, 640.7024, 230.7134])",Man
715,715,posts\piaolsendyhr\pic_162.jpeg,"tensor([174.7180, 215.6014, 383.6564, 506.2394])",Woman
716,716,posts\lars_aslan\pic_8.jpeg,"tensor([406.3236, 142.0395, 640.6772, 421.2886])",Man
717,717,posts\mette\pic_69.jpeg,"tensor([178.5865, 301.0753, 211.2863, 341.9948])",Man
718,718,posts\mette\pic_69.jpeg,"tensor([596.5211, 276.4873, 621.5746, 306.1108])",Man
719,719,posts\mette\pic_69.jpeg,"tensor([236.5383, 266.1901, 257.2449, 291.6191])",Man
720,720,posts\katrinerobsoe\pic_33.jpeg,"tensor([46.6158,  1.1313, 82.7206, 40.6681])",Man
721,721,posts\havorla\pic_14.jpeg,"tensor([534.3891, 171.5654, 629.5292, 292.2626])",Man
722,722,posts\havorla\pic_14.jpeg,"tensor([ 34.7411,  72.2455, 128.6917, 258.6511])",Man
723,723,posts\havorla\pic_14.jpeg,"tensor([212.2255, 205.0222, 235.0021, 233.9380])",Man
724,724,posts\elbaekuffe\pic_70.jpeg,"tensor([161.1591, 155.2218, 222.6738, 233.4779])",Man
725,725,posts\elbaekuffe\pic_70.jpeg,"tensor([287.1705, 178.4990, 355.9489, 264.7408])",Man
726,726,posts\elbaekuffe\pic_70.jpeg,"tensor([  9.4903, 142.6309,  82.1835, 234.0078])",Man
727,727,posts\elbaekuffe\pic_70.jpeg,"tensor([417.6767, 150.2900, 501.6119, 255.5078])",Man
728,728,posts\rasmus_jarlov\pic_14.jpeg,"tensor([289.9286,  65.3150, 454.4769, 287.1084])",Man
729,729,posts\idaauken\pic_14.jpeg,"tensor([ 93.5017,  63.4459, 312.7507, 362.0816])",Woman
730,730,posts\mortenbodskov\pic_16.jpeg,"tensor([410.4730, 308.8931, 543.3010, 483.1357])",Man
731,731,posts\mortenbodskov\pic_16.jpeg,"tensor([103.3454, 291.3776, 237.7123, 477.2876])",Man
732,732,posts\torsten.gejl\pic_21.jpeg,"tensor([255.2850,  15.0117, 305.3427,  85.9842])",Woman
733,733,posts\torsten.gejl\pic_21.jpeg,"tensor([347.6021,  37.7129, 417.0136, 134.5791])",Man
734,734,posts\larsloekke\pic_85.jpeg,"tensor([374.0670,  87.0219, 524.7963, 289.6213])",Woman
735,735,posts\annimatthiesen\pic_16.jpeg,"tensor([143.3801, 256.6522, 415.9043, 596.5911])",Man
736,736,posts\denhenrikdahl\pic_22.jpeg,"tensor([319.1557, 119.2292, 419.1340, 257.2557])",Man
737,737,posts\astridkrag\pic_75.jpeg,"tensor([516.7460, 170.1656, 547.6100, 210.5992])",Woman
738,738,posts\jensjoel\pic_88.jpeg,"tensor([220.4012, 149.2476, 366.1001, 367.3748])",Man
739,739,posts\birgittebergman\pic_8.jpeg,"tensor([120.5521, 114.0464, 157.7299, 159.5647])",Man
740,740,posts\maltelarsen_randers\pic_7.jpeg,"tensor([262.9994, 143.6720, 340.4557, 266.4669])",Man
741,741,posts\kirstennormann\pic_13.jpeg,"tensor([106.1973, 129.7298, 172.4868, 210.6093])",Woman
742,742,posts\kirstennormann\pic_13.jpeg,"tensor([198.1440, 169.2876, 251.1636, 236.9404])",Woman
743,743,posts\kirstennormann\pic_13.jpeg,"tensor([333.8495, 147.0335, 382.5881, 210.0319])",Woman
744,744,posts\kirstennormann\pic_13.jpeg,"tensor([281.9001, 192.7680, 343.8618, 267.9135])",Man
745,745,posts\kirstennormann\pic_13.jpeg,"tensor([513.4564,  74.5863, 602.2053, 181.8978])",Man
746,746,posts\maimercado_dk\pic_29.jpeg,"tensor([453.8350, 336.0471, 509.3316, 410.1207])",Woman
747,747,posts\maimercado_dk\pic_29.jpeg,"tensor([446.7337, 108.6602, 526.4857, 211.9556])",Man
748,748,posts\maimercado_dk\pic_29.jpeg,"tensor([132.9331, 252.6174, 213.3945, 355.1544])",Woman
749,749,posts\maimercado_dk\pic_29.jpeg,"tensor([199.2464,  71.4886, 226.7941, 107.5855])",Woman
750,750,posts\akimati\pic_23.jpeg,"tensor([256.9599, 216.4328, 391.2476, 397.7580])",Woman
751,751,posts\olebirkolesen\pic_8.jpeg,"tensor([119.6319, 244.9077, 169.7079, 307.6759])",Man
752,752,posts\olebirkolesen\pic_8.jpeg,"tensor([481.9687, 465.4036, 528.5377, 527.9072])",Man
753,753,posts\olebirkolesen\pic_8.jpeg,"tensor([108.5509, 476.1250, 154.7657, 535.5883])",Man
754,754,posts\olebirkolesen\pic_8.jpeg,"tensor([108.0309,  45.1865, 152.5451, 103.3363])",Man
755,755,posts\olebirkolesen\pic_8.jpeg,"tensor([362.2069, 467.9896, 408.4134, 530.0635])",Man
756,756,posts\olebirkolesen\pic_8.jpeg,"tensor([471.5618, 242.0248, 514.0692, 296.7011])",Man
757,757,posts\olebirkolesen\pic_8.jpeg,"tensor([347.7405,  38.6975, 387.0134,  94.5355])",Man
758,758,posts\olebirkolesen\pic_8.jpeg,"tensor([289.1391, 246.7710, 324.2888, 290.4792])",Man
759,759,posts\misshalimeoguz\pic_7.jpeg,"tensor([275.9021,  90.1933, 318.4698, 147.9155])",Woman
760,760,posts\sossepernille\pic_31.jpeg,"tensor([415.7222, 171.6281, 466.6212, 242.0816])",Woman
761,761,posts\sossepernille\pic_31.jpeg,"tensor([227.0422, 166.4111, 268.2699, 218.0855])",Man
762,762,posts\anehalsboe\pic_35.jpeg,"tensor([306.6434, 326.6257, 380.2883, 420.4572])",Woman
763,763,posts\andreas.steenberg\pic_114.jpeg,"tensor([328.5701, 567.3282, 367.2676, 619.1558])",Man
764,764,posts\olebirkolesen\pic_44.jpeg,"tensor([203.0017, 331.6224, 369.8795, 559.7086])",Man
765,765,posts\annepaulin\pic_9.jpeg,"tensor([  0.4364, 141.0866, 106.2321, 381.7042])",Man
766,766,posts\maltelarsen_randers\pic_21.jpeg,"tensor([476.1862, 221.4474, 523.3476, 282.7933])",Man
767,767,posts\carl_valentin\pic_29.jpeg,"tensor([165.2396, 152.6766, 267.5373, 260.4175])",Man
768,768,posts\bbbrandenborg\pic_32.jpeg,"tensor([374.5044, 101.9611, 498.1413, 283.4001])",Man
769,769,posts\rasmushelvegpetersen\pic_18.jpeg,"tensor([484.1182, 146.0558, 540.9667, 220.9257])",Man
770,770,posts\rasmushelvegpetersen\pic_18.jpeg,"tensor([137.4777, 284.3710, 186.6864, 350.2506])",Man
771,771,posts\brittbager\pic_32.jpeg,"tensor([583.7441, 486.2324, 615.8829, 525.6334])",Man
772,772,posts\bbbrandenborg\pic_13.jpeg,"tensor([208.5628, 352.2872, 227.7569, 377.7298])",Man
773,773,posts\rasmushelvegpetersen\pic_19.jpeg,"tensor([312.1801, 230.8728, 365.5858, 298.4809])",Woman
774,774,posts\rasmushelvegpetersen\pic_19.jpeg,"tensor([182.3519, 240.8043, 242.4121, 332.1869])",Man
775,775,posts\birgittebergman\pic_3.jpeg,"tensor([  5.1432, 318.1838, 125.3716, 497.2330])",Woman
776,776,posts\birgittebergman\pic_3.jpeg,"tensor([277.2231, 226.5583, 290.7422, 243.2897])",Woman
777,777,posts\pernillevermund\pic_436.jpeg,"tensor([129.9953,  24.3699, 434.2879, 416.9131])",Woman
778,778,posts\trine.bramsen\pic_119.jpeg,"tensor([192.9127, 222.0190, 293.3063, 367.0690])",Man
779,779,posts\mariebjerre.dk\pic_54.jpeg,"tensor([281.2411, 206.1670, 344.4813, 286.7595])",Woman
780,780,posts\mariebjerre.dk\pic_54.jpeg,"tensor([  1.6283, 252.2336,  61.0098, 345.2452])",Man
781,781,posts\peter_skaarup\pic_96.jpeg,"tensor([302.4431,  92.1484, 367.3534, 173.8731])",Woman
782,782,posts\charlottemolbaek\pic_20.jpeg,"tensor([292.4916, 232.7616, 483.1756, 502.5906])",Woman
783,783,posts\charlottemolbaek\pic_20.jpeg,"tensor([134.9181, 218.8593, 313.5454, 463.5443])",Woman
784,784,posts\charlottemolbaek\pic_20.jpeg,"tensor([215.4336, 213.6611, 400.7363, 472.8503])",Man
785,785,posts\simonkollerup\pic_14.jpeg,"tensor([232.7504, 182.6194, 260.6743, 216.7615])",Man
786,786,posts\simonkollerup\pic_14.jpeg,"tensor([372.9066, 198.5443, 398.6879, 229.3337])",Man
787,787,posts\simonkollerup\pic_14.jpeg,"tensor([193.4181, 217.0667, 212.1953, 238.3808])",Man
788,788,posts\simonkollerup\pic_14.jpeg,"tensor([438.8961, 214.4189, 460.0467, 241.7278])",Man
789,789,posts\jeppebruus\pic_30.jpeg,"tensor([283.7603,  56.1567, 391.5073, 190.5632])",Man
790,790,posts\trine.bramsen\pic_102.jpeg,"tensor([224.7812, 114.7023, 257.6855, 156.6661])",Man
791,791,posts\trine.bramsen\pic_102.jpeg,"tensor([147.4580, 262.4398, 193.3893, 319.5799])",Woman
792,792,posts\trine.bramsen\pic_102.jpeg,"tensor([ 92.2058, 137.2419, 124.0593, 177.2433])",Man
793,793,posts\trine.bramsen\pic_102.jpeg,"tensor([316.6801, 115.3142, 353.5150, 160.2461])",Man
794,794,posts\trine.bramsen\pic_102.jpeg,"tensor([446.0786,  91.4143, 482.8480, 136.6579])",Man
795,795,posts\trine.bramsen\pic_102.jpeg,"tensor([ 79.6399, 257.9417, 121.1056, 306.1965])",Man
796,796,posts\katarinaammitzboell\pic_54.jpeg,"tensor([265.0952, 576.7237, 323.6393, 643.2032])",Woman
797,797,posts\katarinaammitzboell\pic_54.jpeg,"tensor([478.7269, 578.7141, 543.0811, 639.4318])",Man
798,798,posts\karinaadsbol\pic_8.jpeg,"tensor([186.0226, 168.6159, 479.1592, 568.1567])",Man
799,799,posts\khoenge\pic_1.jpeg,"tensor([323.4181, 352.0845, 428.5571, 474.0483])",Woman
800,800,posts\khoenge\pic_1.jpeg,"tensor([123.6410, 217.9291, 255.8749, 380.3011])",Man
801,801,posts\mariebjerre.dk\pic_24.jpeg,"tensor([109.9054,  60.8958, 164.2914, 127.2486])",Man
802,802,posts\mariebjerre.dk\pic_24.jpeg,"tensor([439.1742, 186.9634, 488.9195, 247.8516])",Woman
803,803,posts\mariebjerre.dk\pic_24.jpeg,"tensor([385.1538, 183.5754, 435.5903, 245.3226])",Woman
804,804,posts\kaaredybvad\pic_25.jpeg,"tensor([259.7655,  94.3207, 318.2296, 179.3659])",Man
805,805,posts\kaaredybvad\pic_25.jpeg,"tensor([432.7983,  87.2633, 493.5501, 167.7896])",Man
806,806,posts\charlottemolbaek\pic_47.jpeg,"tensor([420.0339, 261.4700, 589.1744, 482.8124])",Woman
807,807,posts\charlottemolbaek\pic_47.jpeg,"tensor([209.3548, 139.0229, 236.7108, 172.8180])",Man
808,808,posts\charlottemolbaek\pic_47.jpeg,"tensor([493.7222, 139.4844, 510.8786, 160.2108])",Man
809,809,posts\mortenoestergaard\pic_13.jpeg,"tensor([118.4826, 244.5705, 187.3283, 330.8466])",Man
810,810,posts\mortenoestergaard\pic_13.jpeg,"tensor([542.2957, 162.7906, 647.6663, 361.8103])",Man
811,811,posts\mortenoestergaard\pic_13.jpeg,"tensor([272.0401, 258.4112, 350.6511, 363.4985])",Man
812,812,posts\nikolajvillumsen\pic_121.jpeg,"tensor([110.4595,  77.6527, 211.9835, 213.1445])",Man
813,813,posts\nikolajvillumsen\pic_121.jpeg,"tensor([320.4713, 149.2745, 416.9031, 274.9634])",Woman
814,814,posts\nikolajvillumsen\pic_121.jpeg,"tensor([273.0332,   1.0186, 317.0732,  36.4977])",Man
815,815,posts\bennyengelbrecht\pic_61.jpeg,"tensor([298.7994, 169.3669, 381.9937, 280.5136])",Man
816,816,posts\susannezimmerfriegronne\pic_5.jpeg,"tensor([402.1783, 278.9419, 444.4703, 326.2222])",Woman
817,817,posts\kathrineolldag\pic_62.jpeg,"tensor([205.4859,  82.7200, 557.6501, 553.5860])",Woman
818,818,posts\brigitte_klintskov_jerkel\pic_46.jpeg,"tensor([268.4904, 169.9893, 521.3564, 524.6885])",Woman
819,819,posts\misshalimeoguz\pic_26.jpeg,"tensor([246.8994, 147.0970, 359.6919, 296.1140])",Woman
820,820,posts\misshalimeoguz\pic_26.jpeg,"tensor([566.9266, 245.5907, 628.9507, 326.7813])",Man
821,821,posts\mortendahlin\pic_29.jpeg,"tensor([148.5631, 154.5095, 204.3022, 227.3351])",Man
822,822,posts\mortendahlin\pic_29.jpeg,"tensor([472.4432, 182.3123, 520.9352, 241.9618])",Man
823,823,posts\katrinerobsoe\pic_57.jpeg,"tensor([170.0719,  23.9012, 419.4633, 360.7260])",Woman
824,824,posts\kaspersandkjaer\pic_60.jpeg,"tensor([338.7079,  98.3372, 457.0469, 257.4468])",Man
825,825,posts\mette.thiesen\pic_209.jpeg,"tensor([188.9636, 112.3424, 433.8723, 459.3286])",Woman
826,826,posts\ftmktm\pic_8.jpeg,"tensor([308.7435, 372.1516, 542.3521, 631.5264])",Woman
827,827,posts\ftmktm\pic_8.jpeg,"tensor([230.3682,  42.4059, 350.1404, 217.2462])",Man
828,828,posts\rasmus_jarlov\pic_12.jpeg,"tensor([342.1501, 235.3308, 455.2045, 389.6016])",Man
829,829,posts\larsloekke\pic_25.jpeg,"tensor([131.9627, 342.0075, 296.2537, 571.2806])",Woman
830,830,posts\torsten.gejl\pic_7.jpeg,"tensor([328.6098, 244.9705, 366.5581, 292.9533])",Woman
831,831,posts\torsten.gejl\pic_7.jpeg,"tensor([524.1569, 243.8931, 548.5063, 275.1422])",Woman
832,832,posts\victoria.r.velasquez\pic_87.jpeg,"tensor([191.7351, 158.0107, 315.2833, 319.6152])",Man
833,833,posts\victoria.r.velasquez\pic_87.jpeg,"tensor([ 18.2471, 125.0492, 188.8032, 337.0328])",Man
834,834,posts\victoria.r.velasquez\pic_87.jpeg,"tensor([369.3541, 229.7833, 449.1383, 327.7001])",Man
835,835,posts\stojberginger\pic_8.jpeg,"tensor([295.8793,   0.4529, 341.2749,  50.3316])",Man
836,836,posts\stojberginger\pic_8.jpeg,"tensor([  1.7100, 137.8670,  48.8586, 225.5160])",Man
837,837,posts\annehonoreoestergaard\pic_94.jpeg,"tensor([567.3740, 274.2175, 608.0603, 326.7760])",Man
838,838,posts\annehonoreoestergaard\pic_94.jpeg,"tensor([323.1701,  65.0533, 390.0269, 152.9026])",Man
839,839,posts\rosa_lund\pic_35.jpeg,"tensor([370.2728, 217.8093, 406.8351, 271.4167])",Woman
840,840,posts\soren_pape\pic_5.jpeg,"tensor([226.7129, 155.5770, 619.3127, 613.1344])",Woman
841,841,posts\victoria.r.velasquez\pic_37.jpeg,"tensor([141.0557,   1.5711, 497.8769, 488.7015])",Woman
842,842,posts\kaaredybvad\pic_35.jpeg,"tensor([494.1019, 129.1747, 541.7094, 191.8394])",Man
843,843,posts\birgittebergman\pic_2.jpeg,"tensor([435.3868, 355.2138, 499.3522, 436.1243])",Woman
844,844,posts\birgittebergman\pic_2.jpeg,"tensor([128.9331, 527.2448, 157.4865, 561.9483])",Man
845,845,posts\birgittebergman\pic_2.jpeg,"tensor([500.0932,  20.5720, 561.2767, 105.3402])",Woman
846,846,posts\birgittebergman\pic_2.jpeg,"tensor([183.4201, 162.7963, 243.1614, 236.6085])",Woman
847,847,posts\birgittebergman\pic_2.jpeg,"tensor([490.4474, 186.3429, 547.9431, 258.9772])",Man
848,848,posts\birgittebergman\pic_2.jpeg,"tensor([ 24.6804,  31.7020,  78.9131, 103.0317])",Woman
849,849,posts\birgittebergman\pic_2.jpeg,"tensor([ 49.2725, 351.8560, 112.3205, 440.1511])",Man
850,850,posts\birgittebergman\pic_2.jpeg,"tensor([104.1093, 175.6481, 156.5143, 242.2928])",Woman
851,851,posts\birgittebergman\pic_2.jpeg,"tensor([493.8667, 501.9789, 560.5331, 584.2350])",Woman
852,852,posts\birgittebergman\pic_2.jpeg,"tensor([400.1044, 506.4467, 460.9464, 585.2182])",Woman
853,853,posts\birgittebergman\pic_2.jpeg,"tensor([246.9647, 504.0360, 300.7785, 574.1485])",Woman
854,854,posts\birgittebergman\pic_2.jpeg,"tensor([  0.8493, 205.4342,  46.1370, 273.5110])",Woman
855,855,posts\birgittebergman\pic_2.jpeg,"tensor([262.7698,  12.7872, 307.0259,  68.6522])",Man
856,856,posts\birgittebergman\pic_2.jpeg,"tensor([405.8291,  42.1699, 445.5471,  96.0756])",Man
857,857,posts\birgittebergman\pic_2.jpeg,"tensor([152.6119, 379.6068, 199.6136, 434.5052])",Woman
858,858,posts\birgittebergman\pic_2.jpeg,"tensor([  3.2114, 513.5615,  44.4132, 610.8596])",Woman
859,859,posts\birgittebergman\pic_2.jpeg,"tensor([597.7959, 504.8926, 641.3089, 578.3079])",Woman
860,860,posts\stenknuth\pic_180.jpeg,"tensor([169.2067,   9.4123, 743.1732, 611.1115])",Woman
861,861,posts\rasmuslanghoff\pic_54.jpeg,"tensor([ 67.1065, 187.3111, 122.6832, 264.1273])",Man
862,862,posts\carl_valentin\pic_14.jpeg,"tensor([422.1310, 146.8333, 484.0599, 226.6437])",Man
863,863,posts\carl_valentin\pic_14.jpeg,"tensor([142.7743, 189.5852, 202.6363, 271.6965])",Man
864,864,posts\carl_valentin\pic_14.jpeg,"tensor([538.4717, 130.5791, 597.8561, 222.5862])",Man
865,865,posts\birgittebergman\pic_14.jpeg,"tensor([468.0478, 269.0844, 601.0880, 443.6618])",Woman
866,866,posts\birgittebergman\pic_14.jpeg,"tensor([246.1067, 239.6834, 373.6143, 417.4178])",Woman
867,867,posts\birgittebergman\pic_14.jpeg,"tensor([ 11.1240, 261.3940, 126.9196, 493.1759])",Woman
868,868,posts\annepaulin\pic_14.jpeg,"tensor([266.7544,  50.4036, 336.5121, 142.5610])",Woman
869,869,posts\annepaulin\pic_14.jpeg,"tensor([107.6785, 166.0787, 185.9787, 261.6414])",Man
870,870,posts\annepaulin\pic_14.jpeg,"tensor([521.4094, 228.3822, 602.3899, 326.9069])",Man
871,871,posts\juulmona\pic_7.jpeg,"tensor([125.3397, 294.2319, 259.1912, 456.2661])",Woman
872,872,posts\katrinerobsoe\pic_8.jpeg,"tensor([350.5780, 262.8671, 418.2962, 355.4907])",Woman
873,873,posts\michaelaastrupjensen\pic_9.jpeg,"tensor([118.8802, 317.7281, 154.5619, 360.5724])",Woman
874,874,posts\michaelaastrupjensen\pic_9.jpeg,"tensor([123.6326, 175.7216, 160.8151, 222.6965])",Woman
875,875,posts\michaelaastrupjensen\pic_9.jpeg,"tensor([210.7521, 154.9917, 251.4474, 209.5102])",Man
876,876,posts\michaelaastrupjensen\pic_9.jpeg,"tensor([262.6857, 186.4680, 298.2887, 229.5621])",Woman
877,877,posts\rasmushelvegpetersen\pic_16.jpeg,"tensor([163.9018, 241.1463, 209.1477, 299.1846])",Man
878,878,posts\misshalimeoguz\pic_33.jpeg,"tensor([294.8584,  58.1048, 341.7697, 120.6774])",Man
879,879,posts\misshalimeoguz\pic_33.jpeg,"tensor([ 78.0667, 273.6731, 142.8656, 365.3952])",Man
880,880,posts\michaelaastrupjensen\pic_34.jpeg,"tensor([259.8798, 213.3307, 298.5331, 263.4843])",Man
881,881,posts\fugledemads\pic_2.jpeg,"tensor([126.6624, 101.4524, 230.2140, 237.2762])",Woman
882,882,posts\fugledemads\pic_2.jpeg,"tensor([2.0153e+02, 2.8466e-01, 3.3124e+02, 1.1881e+02])",Woman
883,883,posts\zenia.stampe\pic_14.jpeg,"tensor([154.8458, 104.9421, 364.0605, 389.8144])",Man
884,884,posts\kathrineolldag\pic_21.jpeg,"tensor([ 17.6611, 198.5889, 245.5087, 503.0753])",Man
885,885,posts\jensjoel\pic_61.jpeg,"tensor([106.5522, 268.6061, 165.1582, 341.4822])",Woman
886,886,posts\jensjoel\pic_61.jpeg,"tensor([380.2167, 288.5974, 414.4075, 326.8259])",Man
887,887,posts\bennyengelbrecht\pic_58.jpeg,"tensor([557.0182, 406.6614, 623.7823, 492.6115])",Man
888,888,posts\bennyengelbrecht\pic_58.jpeg,"tensor([  8.1250, 278.8495,  83.2282, 445.3290])",Man
889,889,posts\hansandersenmf\pic_129.jpeg,"tensor([347.3411, 304.1299, 467.7755, 463.5345])",Man
890,890,posts\hansandersenmf\pic_129.jpeg,"tensor([105.8769,  82.8716, 320.0470, 392.6796])",Man
891,891,posts\havorla\pic_22.jpeg,"tensor([153.7518, 186.0934, 219.0963, 264.8458])",Man
892,892,posts\torp71\pic_31.jpeg,"tensor([177.0152, 190.0056, 372.0103, 450.4597])",Woman
893,893,posts\samiranawa\pic_82.jpeg,"tensor([337.9347,   3.6147, 503.2121, 224.1092])",Man
894,894,posts\samiranawa\pic_82.jpeg,"tensor([205.5924, 319.7419, 290.9302, 415.2336])",Man
895,895,posts\mariebjerre.dk\pic_88.jpeg,"tensor([532.8913,  37.0780, 568.4162,  81.2032])",Woman
896,896,posts\mariebjerre.dk\pic_88.jpeg,"tensor([393.7186, 168.8781, 421.3820, 203.5221])",Woman
897,897,posts\mariebjerre.dk\pic_88.jpeg,"tensor([207.3011, 448.2124, 241.0089, 490.1629])",Woman
898,898,posts\mariebjerre.dk\pic_88.jpeg,"tensor([ 45.5904, 308.0734,  79.5821, 349.6228])",Man
899,899,posts\mariebjerre.dk\pic_88.jpeg,"tensor([ 10.4242, 539.0834,  50.7038, 589.4771])",Woman
900,900,posts\mariebjerre.dk\pic_88.jpeg,"tensor([ 26.8639, 422.3446,  61.8716, 466.3345])",Man
901,901,posts\mariebjerre.dk\pic_88.jpeg,"tensor([581.9849, 177.2778, 613.8517, 216.3136])",Woman
902,902,posts\mariebjerre.dk\pic_88.jpeg,"tensor([207.9484, 299.2154, 246.8065, 351.9284])",Man
903,903,posts\mariebjerre.dk\pic_88.jpeg,"tensor([385.9971, 287.3245, 426.7715, 342.7793])",Man
904,904,posts\mariebjerre.dk\pic_88.jpeg,"tensor([400.7796, 549.4449, 444.0942, 606.9476])",Man
905,905,posts\mariebjerre.dk\pic_88.jpeg,"tensor([ 68.4936,  36.8038, 100.2095,  77.2296])",Man
906,906,posts\mariebjerre.dk\pic_88.jpeg,"tensor([597.1088, 411.1536, 635.6163, 458.7227])",Man
907,907,posts\mariebjerre.dk\pic_88.jpeg,"tensor([591.7195, 530.3691, 634.6789, 580.9490])",Woman
908,908,posts\mariebjerre.dk\pic_88.jpeg,"tensor([189.9456,   7.2428, 235.8327,  63.7461])",Man
909,909,posts\charlottemolbaek\pic_96.jpeg,"tensor([194.3068,  77.1542, 238.7250, 135.3060])",Woman
910,910,posts\charlottemolbaek\pic_96.jpeg,"tensor([ 86.9606,  88.0765, 138.7340, 155.2037])",Man
911,911,posts\charlottemolbaek\pic_96.jpeg,"tensor([320.6338,  91.7842, 365.1828, 148.6242])",Man
912,912,posts\charlottemolbaek\pic_96.jpeg,"tensor([442.8338,  99.6383, 490.0387, 159.9404])",Man
913,913,posts\susannezimmerfriegronne\pic_123.jpeg,"tensor([ 83.1287,  35.1860, 122.7475,  84.1534])",Man
914,914,posts\elbaekuffe\pic_87.jpeg,"tensor([205.2894, 124.7245, 244.7397, 175.7775])",Man
915,915,posts\elbaekuffe\pic_87.jpeg,"tensor([370.8247, 114.9809, 397.3867, 151.5691])",Woman
916,916,posts\lind_annette\pic_7.jpeg,"tensor([185.5608, 276.4851, 267.1894, 388.6659])",Man
917,917,posts\birgitte.vind\pic_4.jpeg,"tensor([238.1024,  83.1490, 518.1436, 426.8483])",Woman
918,918,posts\marleneambo\pic_69.jpeg,"tensor([379.1252, 514.4661, 405.6631, 549.2339])",Man
919,919,posts\bonnesenerling\pic_2.jpeg,"tensor([165.6333, 138.2885, 287.7855, 301.9281])",Man
920,920,posts\mette\pic_48.jpeg,"tensor([303.9399, 142.9034, 366.6803, 229.6891])",Woman
921,921,posts\mette\pic_48.jpeg,"tensor([198.1732, 151.4956, 235.9990, 204.4218])",Woman
922,922,posts\torp71\pic_29.jpeg,"tensor([334.5900, 209.9536, 381.5457, 270.7893])",Woman
923,923,posts\bonnesenerling\pic_4.jpeg,"tensor([ 25.5032,  23.1665, 287.3157, 293.2209])",Man
924,924,posts\bbbrandenborg\pic_17.jpeg,"tensor([427.9626, 269.7148, 474.4861, 327.1494])",Man
925,925,posts\bbbrandenborg\pic_17.jpeg,"tensor([231.2955, 262.0488, 273.4000, 315.8195])",Man
926,926,posts\kathrineolldag\pic_31.jpeg,"tensor([392.3030, 221.4575, 455.9191, 306.9178])",Man
927,927,posts\rasmuslanghoff\pic_20.jpeg,"tensor([289.8195, 313.2267, 322.9513, 362.1354])",Man
928,928,posts\peterhummelgaard\pic_10.jpeg,"tensor([346.7154,  83.3352, 373.3062, 119.1265])",Woman
929,929,posts\peterhummelgaard\pic_10.jpeg,"tensor([437.6164, 156.1363, 473.2170, 199.1625])",Man
930,930,posts\annevalentinaberthelsen\pic_32.jpeg,"tensor([126.5786, 287.0090, 328.3270, 568.4747])",Woman
931,931,posts\annevalentinaberthelsen\pic_32.jpeg,"tensor([195.5529,   1.5540, 283.6228, 112.6786])",Man
932,932,posts\lise_bech\pic_3.jpeg,"tensor([306.2991, 306.0666, 345.6839, 352.2750])",Woman
933,933,posts\kaaredybvad\pic_21.jpeg,"tensor([101.2558, 132.2888, 402.6353, 548.4155])",Man
934,934,posts\christian.rabjerg\pic_7.jpeg,"tensor([288.9266,   5.4469, 440.3939, 198.6469])",Man
935,935,posts\anehalsboe\pic_53.jpeg,"tensor([377.7355, 353.8441, 441.4198, 442.5706])",Woman
936,936,posts\anehalsboe\pic_53.jpeg,"tensor([140.8050, 401.0991, 219.9084, 482.4579])",Man
937,937,posts\brigitte_klintskov_jerkel\pic_137.jpeg,"tensor([ 31.9311,  92.8554, 261.6303, 388.4494])",Woman
938,938,posts\brigitte_klintskov_jerkel\pic_137.jpeg,"tensor([332.7552, 157.1874, 570.1956, 463.0896])",Woman
939,939,posts\nikolajvillumsen\pic_27.jpeg,"tensor([173.0344, 235.4416, 474.3295, 505.3160])",Man
940,940,posts\lind_annette\pic_9.jpeg,"tensor([192.4874,  97.7444, 460.0585, 454.1326])",Woman
941,941,posts\magnusheunicke\pic_73.jpeg,"tensor([ 19.6124,  35.1958, 574.8625, 607.0765])",Man
942,942,posts\soren_pape\pic_81.jpeg,"tensor([108.5160, 239.9253, 328.9595, 529.5191])",Man
943,943,posts\lind_annette\pic_15.jpeg,"tensor([351.7605,  58.5344, 465.3450, 202.0336])",Woman
944,944,posts\lind_annette\pic_15.jpeg,"tensor([227.4734,  57.0776, 348.9874, 218.3450])",Woman
945,945,posts\lind_annette\pic_15.jpeg,"tensor([154.6181, 186.6992, 256.5161, 313.7160])",Woman
946,946,posts\lind_annette\pic_15.jpeg,"tensor([504.7332,   2.6968, 546.5838,  49.8703])",Man
947,947,posts\brittbager\pic_11.jpeg,"tensor([382.4713,  84.4854, 463.1544, 197.0458])",Man
948,948,posts\brittbager\pic_11.jpeg,"tensor([190.3400, 191.7884, 278.8636, 290.1736])",Woman
949,949,posts\annimatthiesen\pic_12.jpeg,"tensor([266.7645, 126.4617, 315.5716, 183.8376])",Woman
950,950,posts\annimatthiesen\pic_12.jpeg,"tensor([350.1972,  70.4932, 403.9755, 136.4343])",Man
951,951,posts\kathrineolldag\pic_16.jpeg,"tensor([402.8525,  92.1274, 546.7332, 271.6897])",Woman
952,952,posts\kathrineolldag\pic_16.jpeg,"tensor([118.9056, 112.1249, 268.7470, 306.0798])",Man
953,953,posts\kathrineolldag\pic_16.jpeg,"tensor([134.2683, 486.5284, 251.1532, 620.5500])",Man
954,954,posts\idaauken\pic_16.jpeg,"tensor([508.1974, 202.7126, 606.2227, 330.0081])",Woman
955,955,posts\idaauken\pic_16.jpeg,"tensor([336.3650, 174.5029, 423.1557, 296.1165])",Woman
956,956,posts\idaauken\pic_16.jpeg,"tensor([ 34.5055, 162.3965, 118.8527, 270.9245])",Man
957,957,posts\idaauken\pic_16.jpeg,"tensor([205.5209, 158.0690, 288.5211, 271.2963])",Man
958,958,posts\misshalimeoguz\pic_3.jpeg,"tensor([219.5363,  82.5021, 367.2256, 287.6188])",Woman
959,959,posts\rasmusprehn\pic_70.jpeg,"tensor([238.4217, 109.0623, 309.6755, 208.8482])",Man
960,960,posts\martinr.geertsen\pic_8.jpeg,"tensor([218.4579, 154.9538, 270.0455, 232.6867])",Man
961,961,posts\torstenschackpedersen\pic_18.jpeg,"tensor([200.7932, 186.9975, 253.7506, 257.7625])",Man
962,962,posts\torstenschackpedersen\pic_18.jpeg,"tensor([446.8158, 208.1876, 500.8534, 274.6624])",Man
963,963,posts\torstenschackpedersen\pic_18.jpeg,"tensor([  5.5782, 198.3724,  34.3281, 235.5371])",Man
964,964,posts\mortendahlin\pic_14.jpeg,"tensor([ 18.3738, 248.0853,  38.5986, 274.7573])",Man
965,965,posts\mortendahlin\pic_14.jpeg,"tensor([ 64.2236, 264.1912,  82.9972, 287.3105])",Woman
966,966,posts\mortendahlin\pic_14.jpeg,"tensor([461.5217, 248.8748, 479.9943, 271.5515])",Man
967,967,posts\mortendahlin\pic_14.jpeg,"tensor([316.1023, 274.3477, 333.6312, 296.1228])",Woman
968,968,posts\mortendahlin\pic_14.jpeg,"tensor([238.0456, 263.5290, 258.9738, 290.1859])",Woman
969,969,posts\mortendahlin\pic_14.jpeg,"tensor([132.4148, 261.8047, 152.0725, 285.3922])",Woman
970,970,posts\juulmona\pic_10.jpeg,"tensor([185.4003,  92.0370, 362.5779, 315.5466])",Woman
971,971,posts\bertel.haarder\pic_12.jpeg,"tensor([ 17.1894, 383.5067,  45.1141, 419.6021])",Man
972,972,posts\mette\pic_116.jpeg,"tensor([215.0191,  95.1941, 455.6571, 419.0873])",Woman
973,973,posts\bonnesenerling\pic_5.jpeg,"tensor([531.3011, 147.3499, 567.6696, 197.1523])",Man
974,974,posts\traktortroels\pic_9.jpeg,"tensor([281.7365, 273.3915, 316.7610, 316.9159])",Man
975,975,posts\traktortroels\pic_9.jpeg,"tensor([163.9343, 252.9345, 202.2757, 304.9468])",Man
976,976,posts\traktortroels\pic_9.jpeg,"tensor([440.7781, 254.7901, 477.7249, 299.2448])",Man
977,977,posts\traktortroels\pic_9.jpeg,"tensor([ 12.0171, 236.3039,  59.9781, 295.2664])",Man
978,978,posts\kirstennormann\pic_0.jpeg,"tensor([ 26.6421, 104.6915, 320.3265, 516.3723])",Woman
979,979,posts\astridkrag\pic_138.jpeg,"tensor([307.8692, 245.1509, 374.2928, 323.3341])",Woman
980,980,posts\pernille_skipper\pic_53.jpeg,"tensor([251.4534, 185.1273, 394.2650, 378.3719])",Woman
981,981,posts\pernille_skipper\pic_53.jpeg,"tensor([474.3883, 150.2247, 637.0246, 381.5082])",Woman
982,982,posts\mette.abildgaard\pic_85.jpeg,"tensor([323.7303,  54.9219, 549.3513, 363.7968])",Man
983,983,posts\mette.abildgaard\pic_85.jpeg,"tensor([112.0253, 297.1274, 279.4659, 512.7733])",Woman
984,984,posts\jan_e_joergensen\pic_92.jpeg,"tensor([427.5305, 314.8173, 588.3001, 529.7012])",Man
985,985,posts\andreas.steenberg\pic_97.jpeg,"tensor([294.6285,  78.3893, 632.1142, 529.3730])",Man
986,986,posts\aaja_chemnitz\pic_3.jpeg,"tensor([121.6763,  99.4988, 221.6210, 235.2621])",Man
987,987,posts\aaja_chemnitz\pic_3.jpeg,"tensor([33.4789, 25.2304, 92.5688, 97.7943])",Man
988,988,posts\aaja_chemnitz\pic_3.jpeg,"tensor([568.9189,  53.1648, 640.6335, 149.3618])",Man
989,989,posts\aaja_chemnitz\pic_3.jpeg,"tensor([417.7247, 224.2831, 478.0695, 310.9300])",Woman
990,990,posts\charlottemolbaek\pic_86.jpeg,"tensor([377.7915, 312.7836, 467.3585, 430.5199])",Woman
991,991,posts\mettedencker\pic_111.jpeg,"tensor([ 49.0289, 293.2038, 216.4926, 519.5710])",Woman
992,992,posts\kaaredybvad\pic_27.jpeg,"tensor([443.4311, 125.7105, 477.9625, 168.6271])",Man
993,993,posts\kaaredybvad\pic_27.jpeg,"tensor([110.1623, 140.4229, 145.9812, 183.4011])",Woman
994,994,posts\kaaredybvad\pic_27.jpeg,"tensor([285.6328, 168.4201, 318.0728, 208.0308])",Man
995,995,posts\kaaredybvad\pic_27.jpeg,"tensor([184.7414, 124.2967, 219.2052, 164.7777])",Man
996,996,posts\kaaredybvad\pic_27.jpeg,"tensor([345.2533, 180.3562, 372.6842, 213.0734])",Woman
997,997,posts\kaaredybvad\pic_27.jpeg,"tensor([  1.9734, 139.6313,  25.1866, 190.3149])",Man
998,998,posts\katarinaammitzboell\pic_100.jpeg,"tensor([224.1817,  71.9618, 303.5226, 178.3400])",Woman
999,999,posts\katarinaammitzboell\pic_100.jpeg,"tensor([342.8258,   1.3960, 423.4669, 106.0224])",Man
