,random_image_number,image_name,auto_people
0,0,posts\annepaulin\pic_5.jpeg,1
1,1,posts\mortendahlin\pic_24.jpeg,3
2,2,posts\peter_seier_christensen\pic_12.jpeg,0
3,3,posts\evaflyvholm_enhedslisten\pic_0.jpeg,0
4,4,posts\ullatornaes\pic_58.jpeg,1
5,5,posts\stojberginger\pic_12.jpeg,0
6,6,posts\ftmktm\pic_56.jpeg,0
7,7,posts\rasmus_jarlov\pic_19.jpeg,1
8,8,posts\fabricius.camilla\pic_176.jpeg,0
9,9,posts\lind_annette\pic_12.jpeg,0
10,10,posts\elbaekuffe\pic_39.jpeg,1
11,11,posts\susannezimmerfriegronne\pic_143.jpeg,6
12,12,posts\stinus.lindgreen\pic_14.jpeg,0
13,13,posts\kristianthulesendahl\pic_66.jpeg,3
14,14,posts\alexvanopslagh\pic_31.jpeg,0
15,15,posts\charlottemolbaek\pic_105.jpeg,1
16,16,posts\alexvanopslagh\pic_9.jpeg,1
17,17,posts\torstenschackpedersen\pic_35.jpeg,0
18,18,posts\idaauken\pic_17.jpeg,1
19,19,posts\havorla\pic_23.jpeg,6
20,20,posts\alexvanopslagh\pic_24.jpeg,2
21,21,posts\evakjerhansen\pic_32.jpeg,0
22,22,posts\annepaulin\pic_1.jpeg,1
23,23,posts\karen.ellemann\pic_7.jpeg,0
24,24,posts\kaaredybvad\pic_31.jpeg,2
25,25,posts\sophieloehde\pic_35.jpeg,1
26,26,posts\rnordqvist\pic_4.jpeg,0
27,27,posts\ftmktm\pic_108.jpeg,0
28,28,posts\juulmona\pic_5.jpeg,1
29,29,posts\sofiecarstennielsen\pic_208.jpeg,0
30,30,posts\kaspersandkjaer\pic_0.jpeg,2
31,31,posts\kathrineolldag\pic_65.jpeg,2
32,32,posts\mortenbodskov\pic_38.jpeg,0
33,33,posts\victoria.r.velasquez\pic_49.jpeg,1
34,34,posts\annesophie.radikale\pic_17.jpeg,0
35,35,posts\samiranawa\pic_6.jpeg,4
36,36,posts\sossepernille\pic_22.jpeg,0
37,37,posts\annimatthiesen\pic_38.jpeg,0
38,38,posts\kathrineolldag\pic_48.jpeg,0
39,39,posts\astridkrag\pic_159.jpeg,1
40,40,posts\j.h.thulesen.dahl\pic_4.jpeg,0
41,41,posts\idaauken\pic_1.jpeg,1
42,42,posts\mogensjensen\pic_2.jpeg,1
43,43,posts\zenia.stampe\pic_6.jpeg,1
44,44,posts\peterhummelgaard\pic_21.jpeg,2
45,45,posts\bertel.haarder\pic_2.jpeg,2
46,46,posts\kommune_rune\pic_0.jpeg,2
47,47,posts\brigitte_klintskov_jerkel\pic_65.jpeg,1
48,48,posts\lise_bech\pic_21.jpeg,1
49,49,posts\christian.rabjerg\pic_21.jpeg,6
50,50,posts\olebirkolesen\pic_41.jpeg,0
51,51,posts\rasmus_jarlov\pic_16.jpeg,1
52,52,posts\sophieloehde\pic_40.jpeg,1
53,53,posts\danj.klimaminister\pic_179.jpeg,7
54,54,posts\mattiastesfaye\pic_2.jpeg,0
55,55,posts\havorla\pic_12.jpeg,0
56,56,posts\peter_seier_christensen\pic_86.jpeg,0
57,57,posts\kirstennormann\pic_6.jpeg,1
58,58,posts\torstenschackpedersen\pic_15.jpeg,1
59,59,posts\susannezimmerfriegronne\pic_96.jpeg,0
60,60,posts\tommyahlers\pic_9.jpeg,1
61,61,posts\fabricius.camilla\pic_68.jpeg,0
62,62,posts\fabricius.camilla\pic_49.jpeg,0
63,63,posts\mattiastesfaye\pic_0.jpeg,0
64,64,posts\larsloekke\pic_2.jpeg,1
65,65,posts\liselottblixt\pic_224.jpeg,1
66,66,posts\charlottemolbaek\pic_48.jpeg,1
67,67,posts\piakjaersgaard1\pic_62.jpeg,0
68,68,posts\naserkhaderdk\pic_0.jpeg,0
69,69,posts\lisbethbp\pic_66.jpeg,0
70,70,posts\heidibank\pic_15.jpeg,3
71,71,posts\dennisflydtkjaer1\pic_18.jpeg,3
72,72,posts\lars_aslan\pic_49.jpeg,0
73,73,posts\mortenbodskov\pic_18.jpeg,0
74,74,posts\tommyahlers\pic_43.jpeg,0
75,75,posts\danj.klimaminister\pic_122.jpeg,0
76,76,posts\bbbrandenborg\pic_5.jpeg,1
77,77,posts\havorla\pic_21.jpeg,0
78,78,posts\j.h.thulesen.dahl\pic_3.jpeg,0
79,79,posts\havorla\pic_5.jpeg,0
80,80,posts\birgittebergman\pic_28.jpeg,0
81,81,posts\larsbojemathiesen\pic_12.jpeg,1
82,82,posts\victoria.r.velasquez\pic_64.jpeg,3
83,83,posts\ftmktm\pic_130.jpeg,1
84,84,posts\ftmktm\pic_121.jpeg,8
85,85,posts\denhenrikdahl\pic_3.jpeg,1
86,86,posts\sikandarsiddique_\pic_67.jpeg,1
87,87,posts\denhenrikdahl\pic_13.jpeg,0
88,88,posts\victoria.r.velasquez\pic_77.jpeg,1
89,89,posts\astridcaroe\pic_7.jpeg,0
90,90,posts\akimati\pic_21.jpeg,2
91,91,posts\martinr.geertsen\pic_9.jpeg,0
92,92,posts\marleneambo\pic_12.jpeg,1
93,93,posts\mogensjensen\pic_79.jpeg,1
94,94,posts\traktortroels\pic_26.jpeg,2
95,95,posts\jacobjensen_venstre\pic_16.jpeg,4
96,96,posts\lars_aslan\pic_12.jpeg,0
97,97,posts\nikolajvillumsen\pic_71.jpeg,1
98,98,posts\mariebjerre.dk\pic_27.jpeg,1
99,99,posts\mette.abildgaard\pic_33.jpeg,1
100,100,posts\mette.thiesen\pic_18.jpeg,1
101,101,posts\sofiecarstennielsen\pic_92.jpeg,0
102,102,posts\fugledemads\pic_20.jpeg,0
103,103,posts\havorla\pic_6.jpeg,10
104,104,posts\mariebjerre.dk\pic_49.jpeg,1
105,105,posts\louise_elholm\pic_24.jpeg,1
106,106,posts\lind_annette\pic_21.jpeg,4
107,107,posts\pernillevermund\pic_125.jpeg,0
108,108,posts\katrinerobsoe\pic_52.jpeg,1
109,109,posts\andreas.steenberg\pic_88.jpeg,0
110,110,posts\lars_chr_lilleholt\pic_9.jpeg,0
111,111,posts\akimati\pic_18.jpeg,2
112,112,posts\lisbethbp\pic_23.jpeg,2
113,113,posts\lorentzenkristian\pic_6.jpeg,1
114,114,posts\khegaard\pic_52.jpeg,0
115,115,posts\sjurdurskaale\pic_51.jpeg,0
116,116,posts\zenia.stampe\pic_111.jpeg,1
117,117,posts\kirstennormann\pic_1.jpeg,1
118,118,posts\heidibank\pic_30.jpeg,1
119,119,posts\rasmusprehn\pic_97.jpeg,1
120,120,posts\janeheitmann\pic_3.jpeg,0
121,121,posts\havorla\pic_15.jpeg,0
122,122,posts\maimercado_dk\pic_37.jpeg,3
123,123,posts\kathrineolldag\pic_44.jpeg,2
124,124,posts\samiranawa\pic_51.jpeg,1
125,125,posts\magnusheunicke\pic_103.jpeg,1
126,126,posts\akimati\pic_35.jpeg,0
127,127,posts\evakjerhansen\pic_35.jpeg,3
128,128,posts\elbaekuffe\pic_37.jpeg,0
129,129,posts\rosa_lund\pic_23.jpeg,8
130,130,posts\mettedencker\pic_19.jpeg,2
131,131,posts\jerohde\pic_13.jpeg,2
132,132,posts\astridcaroe\pic_24.jpeg,2
133,133,posts\evakjerhansen\pic_31.jpeg,1
134,134,posts\jacobmarkfolketinget\pic_33.jpeg,0
135,135,posts\simonkollerup\pic_15.jpeg,1
136,136,posts\mrmesserschmidt\pic_159.jpeg,0
137,137,posts\martinr.geertsen\pic_12.jpeg,0
138,138,posts\peter_skaarup\pic_8.jpeg,2
139,139,posts\piaolsendyhr\pic_215.jpeg,0
140,140,posts\mette\pic_289.jpeg,2
141,141,posts\rasmusprehn\pic_123.jpeg,1
142,142,posts\peter_seier_christensen\pic_112.jpeg,2
143,143,posts\mette.abildgaard\pic_56.jpeg,1
144,144,posts\astridkrag\pic_105.jpeg,2
145,145,posts\marcus.knuth\pic_7.jpeg,2
146,146,posts\mattiastesfaye\pic_4.jpeg,0
147,147,posts\soren_pape\pic_95.jpeg,1
148,148,posts\mortenbodskov\pic_13.jpeg,0
149,149,posts\birgitte.vind\pic_28.jpeg,4
150,150,posts\christoffermelson\pic_54.jpeg,1
151,151,posts\martin.lidegaard\pic_21.jpeg,0
152,152,posts\pernille_skipper\pic_20.jpeg,1
153,153,posts\sophieloehde\pic_47.jpeg,1
154,154,posts\aaja_chemnitz\pic_11.jpeg,1
155,155,posts\martinr.geertsen\pic_0.jpeg,4
156,156,posts\brigitte_klintskov_jerkel\pic_171.jpeg,0
157,157,posts\sophieloehde\pic_21.jpeg,1
158,158,posts\pernille_skipper\pic_58.jpeg,2
159,159,posts\rasmushelvegpetersen\pic_25.jpeg,2
160,160,posts\simonkollerup\pic_36.jpeg,2
161,161,posts\traktortroels\pic_32.jpeg,2
162,162,posts\troelsravn1\pic_13.jpeg,8
163,163,posts\pernillevermund\pic_5.jpeg,1
164,164,posts\jacobjensen_venstre\pic_9.jpeg,1
165,165,posts\alexvanopslagh\pic_13.jpeg,1
166,166,posts\torsten.gejl\pic_2.jpeg,3
167,167,posts\jakobellemann\pic_101.jpeg,1
168,168,posts\alexvanopslagh\pic_27.jpeg,1
169,169,posts\mettedencker\pic_2.jpeg,0
170,170,posts\stojberginger\pic_33.jpeg,4
171,171,posts\brittbager\pic_9.jpeg,1
172,172,posts\stenknuth\pic_189.jpeg,0
173,173,posts\mortendahlin\pic_12.jpeg,0
174,174,posts\karina_lorentzen_dehnhardt\pic_152.jpeg,1
175,175,posts\pernillevermund\pic_14.jpeg,0
176,176,posts\jacobjensen_venstre\pic_12.jpeg,0
177,177,posts\marleneambo\pic_42.jpeg,1
178,178,posts\kristianthulesendahl\pic_19.jpeg,2
179,179,posts\dennisflydtkjaer1\pic_15.jpeg,1
180,180,posts\khoenge\pic_52.jpeg,1
181,181,posts\mettedencker\pic_77.jpeg,2
182,182,posts\mattiastesfaye\pic_3.jpeg,1
183,183,posts\torp71\pic_39.jpeg,0
184,184,posts\bbbrandenborg\pic_19.jpeg,2
185,185,posts\annevalentinaberthelsen\pic_17.jpeg,1
186,186,posts\karina_lorentzen_dehnhardt\pic_35.jpeg,3
187,187,posts\brittbager\pic_7.jpeg,3
188,188,posts\nikolajvillumsen\pic_0.jpeg,1
189,189,posts\kirstennormann\pic_3.jpeg,1
190,190,posts\zenia.stampe\pic_83.jpeg,4
191,191,posts\brittbager\pic_3.jpeg,1
192,192,posts\victoria.r.velasquez\pic_2.jpeg,1
193,193,posts\martinr.geertsen\pic_5.jpeg,2
194,194,posts\karen.ellemann\pic_18.jpeg,1
195,195,posts\annesophie.radikale\pic_13.jpeg,1
196,196,posts\leawermelin\pic_8.jpeg,1
197,197,posts\annesophie.radikale\pic_24.jpeg,1
198,198,posts\astridkrag\pic_96.jpeg,0
199,199,posts\peterhummelgaard\pic_0.jpeg,1
200,200,posts\annesophie.radikale\pic_32.jpeg,0
201,201,posts\maltelarsen_randers\pic_19.jpeg,0
202,202,posts\karen.ellemann\pic_26.jpeg,3
203,203,posts\annepaulin\pic_16.jpeg,3
204,204,posts\trine.bramsen\pic_83.jpeg,0
205,205,posts\ftmktm\pic_36.jpeg,0
206,206,posts\bonnesenerling\pic_28.jpeg,0
207,207,posts\larsbojemathiesen\pic_33.jpeg,2
208,208,posts\mettedencker\pic_49.jpeg,0
209,209,posts\kaaredybvad\pic_18.jpeg,2
210,210,posts\kaspersandkjaer\pic_23.jpeg,1
211,211,posts\nikolajvillumsen\pic_125.jpeg,4
212,212,posts\mette.thiesen\pic_215.jpeg,1
213,213,posts\kristianjensenmf\pic_8.jpeg,0
214,214,posts\marleneambo\pic_19.jpeg,1
215,215,posts\christoffermelson\pic_41.jpeg,2
216,216,posts\victoria.r.velasquez\pic_93.jpeg,1
217,217,posts\annepaulin\pic_6.jpeg,2
218,218,posts\mette.thiesen\pic_104.jpeg,1
219,219,posts\sikandarsiddique_\pic_75.jpeg,2
220,220,posts\j.h.thulesen.dahl\pic_5.jpeg,0
221,221,posts\karstenlauritzen\pic_19.jpeg,1
222,222,posts\kristianthulesendahl\pic_9.jpeg,0
223,223,posts\leawermelin\pic_63.jpeg,1
224,224,posts\mortenoestergaard\pic_1.jpeg,1
225,225,posts\mette.thiesen\pic_214.jpeg,0
226,226,posts\denhenrikdahl\pic_0.jpeg,2
227,227,posts\torp71\pic_33.jpeg,0
228,228,posts\lorentzenkristian\pic_2.jpeg,2
229,229,posts\nikolajvillumsen\pic_13.jpeg,2
230,230,posts\bonnesenerling\pic_10.jpeg,0
231,231,posts\ullatornaes\pic_101.jpeg,1
232,232,posts\charlottemolbaek\pic_73.jpeg,0
233,233,posts\torp71\pic_7.jpeg,1
234,234,posts\lisbethbp\pic_79.jpeg,0
235,235,posts\mette\pic_80.jpeg,1
236,236,posts\heidibank\pic_34.jpeg,0
237,237,posts\jerohde\pic_19.jpeg,1
238,238,posts\lorentzenkristian\pic_71.jpeg,3
239,239,posts\jacobjensen_venstre\pic_18.jpeg,3
240,240,posts\torsten.gejl\pic_15.jpeg,0
241,241,posts\leawermelin\pic_22.jpeg,2
242,242,posts\rasmus_jarlov\pic_8.jpeg,0
243,243,posts\karen.ellemann\pic_3.jpeg,2
244,244,posts\piaolsendyhr\pic_135.jpeg,3
245,245,posts\charlottemolbaek\pic_58.jpeg,2
246,246,posts\annehonoreoestergaard\pic_116.jpeg,1
247,247,posts\kaaredybvad\pic_13.jpeg,1
248,248,posts\sikandarsiddique_\pic_115.jpeg,2
249,249,posts\jan_e_joergensen\pic_51.jpeg,1
250,250,posts\zenia.stampe\pic_87.jpeg,1
251,251,posts\mogensjensen\pic_47.jpeg,0
252,252,posts\rnordqvist\pic_9.jpeg,0
253,253,posts\ullatornaes\pic_86.jpeg,1
254,254,posts\aaja_chemnitz\pic_14.jpeg,2
255,255,posts\jan_e_joergensen\pic_6.jpeg,0
256,256,posts\bennyengelbrecht\pic_117.jpeg,1
257,257,posts\carl_valentin\pic_27.jpeg,1
258,258,posts\simonkollerup\pic_3.jpeg,1
259,259,posts\rasmushelvegpetersen\pic_17.jpeg,2
260,260,posts\rasmusprehn\pic_138.jpeg,1
261,261,posts\kaspersandkjaer\pic_35.jpeg,1
262,262,posts\ullatornaes\pic_59.jpeg,2
263,263,posts\annesophie.radikale\pic_9.jpeg,1
264,264,posts\rasmus_jarlov\pic_2.jpeg,0
265,265,posts\tommyahlers\pic_35.jpeg,6
266,266,posts\liselottblixt\pic_130.jpeg,0
267,267,posts\ftmktm\pic_118.jpeg,1
268,268,posts\ftmktm\pic_61.jpeg,1
269,269,posts\sophieloehde\pic_4.jpeg,1
270,270,posts\aaja_chemnitz\pic_8.jpeg,0
271,271,posts\jerohde\pic_0.jpeg,0
272,272,posts\mortenoestergaard\pic_33.jpeg,1
273,273,posts\marcus.knuth\pic_5.jpeg,1
274,274,posts\ellentranenorby\pic_4.jpeg,0
275,275,posts\idaauken\pic_5.jpeg,1
276,276,posts\krarupmarie\pic_35.jpeg,2
277,277,posts\marleneambo\pic_3.jpeg,2
278,278,posts\j.h.thulesen.dahl\pic_0.jpeg,0
279,279,posts\martinr.geertsen\pic_3.jpeg,0
280,280,posts\torp71\pic_21.jpeg,0
281,281,posts\karstenlauritzen\pic_35.jpeg,0
282,282,posts\soren_pape\pic_19.jpeg,0
283,283,posts\susannezimmerfriegronne\pic_12.jpeg,1
284,284,posts\bbbrandenborg\pic_46.jpeg,3
285,285,posts\janeheitmann\pic_56.jpeg,2
286,286,posts\stojberginger\pic_18.jpeg,2
287,287,posts\rosa_lund\pic_41.jpeg,2
288,288,posts\mai_villadsen\pic_39.jpeg,2
289,289,posts\maimercado_dk\pic_31.jpeg,2
290,290,posts\hansandersenmf\pic_78.jpeg,2
291,291,posts\mettedencker\pic_106.jpeg,1
292,292,posts\ullatornaes\pic_107.jpeg,0
293,293,posts\sofiecarstennielsen\pic_70.jpeg,0
294,294,posts\carl_valentin\pic_16.jpeg,0
295,295,posts\ellentranenorby\pic_20.jpeg,0
296,296,posts\bbbrandenborg\pic_44.jpeg,3
297,297,posts\torp71\pic_34.jpeg,0
298,298,posts\brittbager\pic_25.jpeg,1
299,299,posts\karinaadsbol\pic_38.jpeg,0
300,300,posts\lorentzenkristian\pic_26.jpeg,0
301,301,posts\mortenbodskov\pic_45.jpeg,0
302,302,posts\maltelarsen_randers\pic_3.jpeg,0
303,303,posts\mette.thiesen\pic_183.jpeg,1
304,304,posts\jacobmarkfolketinget\pic_59.jpeg,1
305,305,posts\dennisflydtkjaer1\pic_16.jpeg,1
306,306,posts\sossepernille\pic_32.jpeg,0
307,307,posts\lise_bech\pic_20.jpeg,1
308,308,posts\jacobmarkfolketinget\pic_129.jpeg,1
309,309,posts\evaflyvholm_enhedslisten\pic_2.jpeg,1
310,310,posts\aaja_chemnitz\pic_10.jpeg,0
311,311,posts\evakjerhansen\pic_21.jpeg,1
312,312,posts\mette.thiesen\pic_117.jpeg,0
313,313,posts\sjurdurskaale\pic_32.jpeg,1
314,314,posts\danj.klimaminister\pic_134.jpeg,1
315,315,posts\mette\pic_124.jpeg,1
316,316,posts\jacobmarkfolketinget\pic_128.jpeg,1
317,317,posts\kristianthulesendahl\pic_70.jpeg,4
318,318,posts\karen.ellemann\pic_35.jpeg,2
319,319,posts\annevalentinaberthelsen\pic_5.jpeg,1
320,320,posts\annehonoreoestergaard\pic_122.jpeg,1
321,321,posts\piaolsendyhr\pic_52.jpeg,1
322,322,posts\victoria.r.velasquez\pic_88.jpeg,1
323,323,posts\jacobmarkfolketinget\pic_165.jpeg,1
324,324,posts\anehalsboe\pic_8.jpeg,1
325,325,posts\torsten.gejl\pic_4.jpeg,0
326,326,posts\nikolajvillumsen\pic_75.jpeg,5
327,327,posts\akimati\pic_32.jpeg,0
328,328,posts\peter_skaarup\pic_86.jpeg,1
329,329,posts\marcus.knuth\pic_51.jpeg,1
330,330,posts\christoffermelson\pic_14.jpeg,1
331,331,posts\jacobmarkfolketinget\pic_31.jpeg,1
332,332,posts\annepaulin\pic_4.jpeg,2
333,333,posts\mettedencker\pic_39.jpeg,1
334,334,posts\marleneambo\pic_7.jpeg,0
335,335,posts\ftmktm\pic_20.jpeg,0
336,336,posts\peter_skaarup\pic_55.jpeg,1
337,337,posts\kristianjensenmf\pic_64.jpeg,0
338,338,posts\annesophie.radikale\pic_42.jpeg,9
339,339,posts\jan_e_joergensen\pic_62.jpeg,1
340,340,posts\annepaulin\pic_26.jpeg,1
341,341,posts\kaspersandkjaer\pic_48.jpeg,1
342,342,posts\denhenrikdahl\pic_21.jpeg,5
343,343,posts\lisbethbp\pic_33.jpeg,0
344,344,posts\olebirkolesen\pic_38.jpeg,0
345,345,posts\anehalsboe\pic_13.jpeg,0
346,346,posts\stenknuth\pic_92.jpeg,0
347,347,posts\krarupmarie\pic_19.jpeg,3
348,348,posts\khegaard\pic_19.jpeg,1
349,349,posts\karinaadsbol\pic_15.jpeg,0
350,350,posts\elbaekuffe\pic_22.jpeg,2
351,351,posts\annevalentinaberthelsen\pic_27.jpeg,0
352,352,posts\naserkhaderdk\pic_17.jpeg,2
353,353,posts\peter_seier_christensen\pic_47.jpeg,1
354,354,posts\piaolsendyhr\pic_35.jpeg,3
355,355,posts\mette\pic_257.jpeg,2
356,356,posts\peter_seier_christensen\pic_130.jpeg,2
357,357,posts\soren_pape\pic_55.jpeg,1
358,358,posts\evakjerhansen\pic_16.jpeg,2
359,359,posts\rasmus_jarlov\pic_22.jpeg,0
360,360,posts\lise_bech\pic_7.jpeg,0
361,361,posts\rasmushelvegpetersen\pic_26.jpeg,0
362,362,posts\zenia.stampe\pic_92.jpeg,1
363,363,posts\peterhummelgaard\pic_17.jpeg,2
364,364,posts\kirstennormann\pic_4.jpeg,1
365,365,posts\andreas.steenberg\pic_139.jpeg,4
366,366,posts\astridkrag\pic_97.jpeg,2
367,367,posts\louise_elholm\pic_3.jpeg,1
368,368,posts\mogensjensen\pic_77.jpeg,1
369,369,posts\piakjaersgaard1\pic_82.jpeg,1
370,370,posts\peter_skaarup\pic_106.jpeg,0
371,371,posts\rasmusprehn\pic_2.jpeg,3
372,372,posts\simonkollerup\pic_23.jpeg,2
373,373,posts\tommyahlers\pic_36.jpeg,2
374,374,posts\danj.klimaminister\pic_20.jpeg,2
375,375,posts\astridkrag\pic_12.jpeg,1
376,376,posts\marleneambo\pic_60.jpeg,1
377,377,posts\torstenschackpedersen\pic_7.jpeg,4
378,378,posts\michaelaastrupjensen\pic_42.jpeg,1
379,379,posts\bbbrandenborg\pic_16.jpeg,1
380,380,posts\martinr.geertsen\pic_10.jpeg,2
381,381,posts\denhenrikdahl\pic_8.jpeg,0
382,382,posts\mette.abildgaard\pic_16.jpeg,2
383,383,posts\astridkrag\pic_128.jpeg,0
384,384,posts\liselottblixt\pic_175.jpeg,1
385,385,posts\jacobmarkfolketinget\pic_27.jpeg,3
386,386,posts\susannezimmerfriegronne\pic_214.jpeg,0
387,387,posts\karinaadsbol\pic_1.jpeg,1
388,388,posts\jensjoel\pic_67.jpeg,1
389,389,posts\dennisflydtkjaer1\pic_5.jpeg,0
390,390,posts\rnordqvist\pic_5.jpeg,0
391,391,posts\annevalentinaberthelsen\pic_20.jpeg,1
392,392,posts\sossepernille\pic_39.jpeg,1
393,393,posts\kommune_rune\pic_1.jpeg,0
394,394,posts\jeppebruus\pic_25.jpeg,2
395,395,posts\peter_seier_christensen\pic_15.jpeg,0
396,396,posts\ullatornaes\pic_124.jpeg,1
397,397,posts\christoffermelson\pic_75.jpeg,0
398,398,posts\annimatthiesen\pic_31.jpeg,0
399,399,posts\sophieloehde\pic_22.jpeg,1
400,400,posts\torsten.gejl\pic_17.jpeg,1
401,401,posts\mette.thiesen\pic_6.jpeg,1
402,402,posts\magnusheunicke\pic_93.jpeg,0
403,403,posts\khegaard\pic_5.jpeg,0
404,404,posts\rasmusprehn\pic_48.jpeg,1
405,405,posts\jan_e_joergensen\pic_59.jpeg,0
406,406,posts\fabricius.camilla\pic_150.jpeg,0
407,407,posts\maimercado_dk\pic_8.jpeg,1
408,408,posts\khegaard\pic_30.jpeg,0
409,409,posts\annesophie.radikale\pic_18.jpeg,0
410,410,posts\danj.klimaminister\pic_26.jpeg,0
411,411,posts\larsbojemathiesen\pic_16.jpeg,0
412,412,posts\soren_pape\pic_32.jpeg,0
413,413,posts\marcus.knuth\pic_1.jpeg,1
414,414,posts\andreas.steenberg\pic_18.jpeg,0
415,415,posts\maltelarsen_randers\pic_14.jpeg,1
416,416,posts\lars_chr_lilleholt\pic_10.jpeg,1
417,417,posts\ftmktm\pic_12.jpeg,0
418,418,posts\evakjerhansen\pic_30.jpeg,0
419,419,posts\nielsflemming_kons\pic_6.jpeg,1
420,420,posts\karinaadsbol\pic_12.jpeg,0
421,421,posts\christian.rabjerg\pic_14.jpeg,10
422,422,posts\katrinerobsoe\pic_5.jpeg,1
423,423,posts\aaja_chemnitz\pic_19.jpeg,0
424,424,posts\rosa_lund\pic_57.jpeg,1
425,425,posts\maimercado_dk\pic_7.jpeg,0
426,426,posts\peterhummelgaard\pic_7.jpeg,0
427,427,posts\larsbojemathiesen\pic_34.jpeg,1
428,428,posts\soren_pape\pic_48.jpeg,0
429,429,posts\annesophie.radikale\pic_27.jpeg,10
430,430,posts\naserkhaderdk\pic_19.jpeg,0
431,431,posts\piaolsendyhr\pic_100.jpeg,2
432,432,posts\christian.rabjerg\pic_8.jpeg,2
433,433,posts\stenknuth\pic_167.jpeg,0
434,434,posts\idaauken\pic_13.jpeg,2
435,435,posts\jakobellemann\pic_47.jpeg,0
436,436,posts\havorla\pic_2.jpeg,0
437,437,posts\zenia.stampe\pic_21.jpeg,0
438,438,posts\jacobmarkfolketinget\pic_16.jpeg,1
439,439,posts\mortenoestergaard\pic_7.jpeg,4
440,440,posts\hansandersenmf\pic_31.jpeg,0
441,441,posts\aaja_chemnitz\pic_1.jpeg,0
442,442,posts\ullatornaes\pic_78.jpeg,0
443,443,posts\tommyahlers\pic_32.jpeg,1
444,444,posts\kristianjensenmf\pic_2.jpeg,0
445,445,posts\stojberginger\pic_28.jpeg,1
446,446,posts\evaflyvholm_enhedslisten\pic_1.jpeg,0
447,447,posts\zenia.stampe\pic_98.jpeg,1
448,448,posts\stojberginger\pic_2.jpeg,1
449,449,posts\jensjoel\pic_107.jpeg,1
450,450,posts\mrmesserschmidt\pic_161.jpeg,0
451,451,posts\jakobellemann\pic_59.jpeg,2
452,452,posts\mette.thiesen\pic_45.jpeg,2
453,453,posts\lind_annette\pic_19.jpeg,4
454,454,posts\lisbethbp\pic_44.jpeg,3
455,455,posts\larsloekke\pic_71.jpeg,1
456,456,posts\alexvanopslagh\pic_26.jpeg,0
457,457,posts\sossepernille\pic_4.jpeg,0
458,458,posts\mariebjerre.dk\pic_71.jpeg,2
459,459,posts\brigitte_klintskov_jerkel\pic_126.jpeg,1
460,460,posts\christoffermelson\pic_8.jpeg,1
461,461,posts\khoenge\pic_100.jpeg,3
462,462,posts\liselottblixt\pic_221.jpeg,0
463,463,posts\rasmusprehn\pic_58.jpeg,0
464,464,posts\evaflyvholm_enhedslisten\pic_5.jpeg,1
465,465,posts\katarinaammitzboell\pic_68.jpeg,0
466,466,posts\karen.ellemann\pic_9.jpeg,0
467,467,posts\lisbethbp\pic_58.jpeg,0
468,468,posts\brigitte_klintskov_jerkel\pic_106.jpeg,1
469,469,posts\ftmktm\pic_9.jpeg,1
470,470,posts\mortenoestergaard\pic_14.jpeg,4
471,471,posts\bennyengelbrecht\pic_76.jpeg,0
472,472,posts\torp71\pic_40.jpeg,8
473,473,posts\kaspersandkjaer\pic_63.jpeg,1
474,474,posts\piaolsendyhr\pic_122.jpeg,2
475,475,posts\annimatthiesen\pic_33.jpeg,1
476,476,posts\janeheitmann\pic_49.jpeg,1
477,477,posts\stenknuth\pic_13.jpeg,1
478,478,posts\victoria.r.velasquez\pic_130.jpeg,1
479,479,posts\samiranawa\pic_67.jpeg,1
480,480,posts\katrinerobsoe\pic_20.jpeg,1
481,481,posts\danj.klimaminister\pic_49.jpeg,0
482,482,posts\mortenoestergaard\pic_24.jpeg,1
483,483,posts\mariebjerre.dk\pic_33.jpeg,1
484,484,posts\lars_aslan\pic_6.jpeg,0
485,485,posts\juulmona\pic_17.jpeg,4
486,486,posts\karstenlauritzen\pic_16.jpeg,0
487,487,posts\ullatornaes\pic_35.jpeg,0
488,488,posts\lars_chr_lilleholt\pic_3.jpeg,1
489,489,posts\peter_seier_christensen\pic_91.jpeg,5
490,490,posts\bennyengelbrecht\pic_38.jpeg,1
491,491,posts\karstenlauritzen\pic_25.jpeg,0
492,492,posts\maimercado_dk\pic_17.jpeg,1
493,493,posts\stinus.lindgreen\pic_5.jpeg,0
494,494,posts\astridcaroe\pic_23.jpeg,4
495,495,posts\astridkrag\pic_131.jpeg,1
496,496,posts\mogensjensen\pic_22.jpeg,3
497,497,posts\kristianjensenmf\pic_81.jpeg,0
498,498,posts\trine.bramsen\pic_108.jpeg,0
499,499,posts\pernille_skipper\pic_68.jpeg,0
500,500,posts\kristianjensenmf\pic_32.jpeg,1
501,501,posts\bonnesenerling\pic_3.jpeg,1
502,502,posts\michaelaastrupjensen\pic_3.jpeg,3
503,503,posts\sofiecarstennielsen\pic_206.jpeg,1
504,504,posts\charlottemolbaek\pic_87.jpeg,2
505,505,posts\martin.lidegaard\pic_2.jpeg,3
506,506,posts\maimercado_dk\pic_40.jpeg,3
507,507,posts\danj.klimaminister\pic_132.jpeg,1
508,508,posts\rasmushelvegpetersen\pic_4.jpeg,1
509,509,posts\peter_seier_christensen\pic_80.jpeg,0
510,510,posts\fabricius.camilla\pic_26.jpeg,1
511,511,posts\evaflyvholm_enhedslisten\pic_8.jpeg,2
512,512,posts\annehonoreoestergaard\pic_95.jpeg,0
513,513,posts\charlottemolbaek\pic_36.jpeg,0
514,514,posts\janeheitmann\pic_83.jpeg,0
515,515,posts\jensjoel\pic_66.jpeg,1
516,516,posts\lars_chr_lilleholt\pic_2.jpeg,2
517,517,posts\louise_elholm\pic_14.jpeg,1
518,518,posts\anehalsboe\pic_11.jpeg,0
519,519,posts\rosa_lund\pic_11.jpeg,2
520,520,posts\sofiecarstennielsen\pic_95.jpeg,0
521,521,posts\krarupmarie\pic_34.jpeg,1
522,522,posts\karinaadsbol\pic_49.jpeg,0
523,523,posts\mariebjerre.dk\pic_34.jpeg,1
524,524,posts\carl_valentin\pic_2.jpeg,1
525,525,posts\heidibank\pic_6.jpeg,0
526,526,posts\birgitte.vind\pic_12.jpeg,2
527,527,posts\anehalsboe\pic_44.jpeg,1
528,528,posts\birgittebergman\pic_0.jpeg,1
529,529,posts\sjurdurskaale\pic_26.jpeg,0
530,530,posts\idaauken\pic_0.jpeg,1
531,531,posts\karinaadsbol\pic_27.jpeg,0
532,532,posts\tommyahlers\pic_23.jpeg,1
533,533,posts\carl_valentin\pic_19.jpeg,0
534,534,posts\astridcaroe\pic_35.jpeg,1
535,535,posts\peter_seier_christensen\pic_33.jpeg,0
536,536,posts\astridcaroe\pic_13.jpeg,9
537,537,posts\rnordqvist\pic_20.jpeg,0
538,538,posts\dennisflydtkjaer1\pic_25.jpeg,2
539,539,posts\naserkhaderdk\pic_8.jpeg,0
540,540,posts\misshalimeoguz\pic_6.jpeg,1
541,541,posts\jacobjensen_venstre\pic_4.jpeg,0
542,542,posts\piakjaersgaard1\pic_197.jpeg,1
543,543,posts\fugledemads\pic_19.jpeg,1
544,544,posts\evaflyvholm_enhedslisten\pic_15.jpeg,1
545,545,posts\karen.ellemann\pic_17.jpeg,0
546,546,posts\olebirkolesen\pic_40.jpeg,0
547,547,posts\jensjoel\pic_24.jpeg,1
548,548,posts\piaolsendyhr\pic_0.jpeg,1
549,549,posts\birgittebergman\pic_46.jpeg,1
550,550,posts\piakjaersgaard1\pic_347.jpeg,0
551,551,posts\fugledemads\pic_23.jpeg,0
552,552,posts\kaspersandkjaer\pic_47.jpeg,1
553,553,posts\evakjerhansen\pic_33.jpeg,1
554,554,posts\denhenrikdahl\pic_7.jpeg,1
555,555,posts\torsten.gejl\pic_30.jpeg,1
556,556,posts\mette.abildgaard\pic_93.jpeg,2
557,557,posts\juulmona\pic_38.jpeg,0
558,558,posts\katarinaammitzboell\pic_53.jpeg,0
559,559,posts\evaflyvholm_enhedslisten\pic_18.jpeg,3
560,560,posts\danj.klimaminister\pic_0.jpeg,2
561,561,posts\annepaulin\pic_13.jpeg,0
562,562,posts\larsloekke\pic_32.jpeg,1
563,563,posts\mette\pic_299.jpeg,1
564,564,posts\karen.ellemann\pic_24.jpeg,1
565,565,posts\sjurdurskaale\pic_41.jpeg,1
566,566,posts\maimercado_dk\pic_1.jpeg,0
567,567,posts\ullatornaes\pic_123.jpeg,0
568,568,posts\larsloekke\pic_96.jpeg,0
569,569,posts\alexvanopslagh\pic_21.jpeg,2
570,570,posts\simonkollerup\pic_37.jpeg,1
571,571,posts\danj.klimaminister\pic_148.jpeg,1
572,572,posts\katrinerobsoe\pic_28.jpeg,1
573,573,posts\michaelaastrupjensen\pic_2.jpeg,3
574,574,posts\charlottemolbaek\pic_27.jpeg,2
575,575,posts\sikandarsiddique_\pic_102.jpeg,3
576,576,posts\naserkhaderdk\pic_21.jpeg,0
577,577,posts\tommyahlers\pic_15.jpeg,3
578,578,posts\ftmktm\pic_101.jpeg,0
579,579,posts\mai_villadsen\pic_60.jpeg,2
580,580,posts\misshalimeoguz\pic_25.jpeg,1
581,581,posts\evakjerhansen\pic_17.jpeg,2
582,582,posts\sofiecarstennielsen\pic_119.jpeg,1
583,583,posts\troelsravn1\pic_4.jpeg,5
584,584,posts\jakobellemann\pic_2.jpeg,0
585,585,posts\bertel.haarder\pic_9.jpeg,7
586,586,posts\lars_chr_lilleholt\pic_12.jpeg,1
587,587,posts\danj.klimaminister\pic_175.jpeg,4
588,588,posts\pernillevermund\pic_215.jpeg,1
589,589,posts\pernillevermund\pic_237.jpeg,1
590,590,posts\simonkollerup\pic_32.jpeg,1
591,591,posts\lise_bech\pic_24.jpeg,0
592,592,posts\astridcaroe\pic_8.jpeg,2
593,593,posts\kristianthulesendahl\pic_56.jpeg,1
594,594,posts\mortendahlin\pic_18.jpeg,1
595,595,posts\lisbethbp\pic_81.jpeg,0
596,596,posts\bennyengelbrecht\pic_10.jpeg,2
597,597,posts\kristianthulesendahl\pic_45.jpeg,1
598,598,posts\janeheitmann\pic_36.jpeg,0
599,599,posts\troelsravn1\pic_6.jpeg,2
600,600,posts\lisbethbp\pic_45.jpeg,1
601,601,posts\mette\pic_64.jpeg,1
602,602,posts\brittbager\pic_26.jpeg,1
603,603,posts\maltelarsen_randers\pic_12.jpeg,2
604,604,posts\leawermelin\pic_54.jpeg,4
605,605,posts\jacobmarkfolketinget\pic_6.jpeg,1
606,606,posts\carl_valentin\pic_4.jpeg,0
607,607,posts\piakjaersgaard1\pic_370.jpeg,0
608,608,posts\maltelarsen_randers\pic_6.jpeg,0
609,609,posts\akimati\pic_25.jpeg,0
610,610,posts\trine.bramsen\pic_125.jpeg,0
611,611,posts\nikolajvillumsen\pic_61.jpeg,1
612,612,posts\peterhummelgaard\pic_15.jpeg,3
613,613,posts\annepaulin\pic_24.jpeg,2
614,614,posts\peter_seier_christensen\pic_66.jpeg,0
615,615,posts\havorla\pic_10.jpeg,0
616,616,posts\mortenbodskov\pic_3.jpeg,0
617,617,posts\bennyengelbrecht\pic_9.jpeg,0
618,618,posts\annehonoreoestergaard\pic_99.jpeg,1
619,619,posts\magnusheunicke\pic_55.jpeg,1
620,620,posts\birgittebergman\pic_19.jpeg,2
621,621,posts\sophieloehde\pic_2.jpeg,2
622,622,posts\rasmuslanghoff\pic_30.jpeg,1
623,623,posts\idaauken\pic_7.jpeg,4
624,624,posts\annevalentinaberthelsen\pic_19.jpeg,1
625,625,posts\torp71\pic_35.jpeg,0
626,626,posts\mettedencker\pic_89.jpeg,3
627,627,posts\katarinaammitzboell\pic_101.jpeg,3
628,628,posts\rasmushelvegpetersen\pic_7.jpeg,0
629,629,posts\rasmusprehn\pic_68.jpeg,2
630,630,posts\annehonoreoestergaard\pic_125.jpeg,1
631,631,posts\marcus.knuth\pic_15.jpeg,2
632,632,posts\katarinaammitzboell\pic_11.jpeg,0
633,633,posts\rasmuslanghoff\pic_7.jpeg,1
634,634,posts\lars_aslan\pic_1.jpeg,0
635,635,posts\birgitte.vind\pic_46.jpeg,0
636,636,posts\mettedencker\pic_79.jpeg,2
637,637,posts\annevalentinaberthelsen\pic_1.jpeg,0
638,638,posts\simonemil.ammitzboell\pic_3.jpeg,2
639,639,posts\trine.bramsen\pic_22.jpeg,1
640,640,posts\krarupmarie\pic_18.jpeg,0
641,641,posts\rosa_lund\pic_139.jpeg,1
642,642,posts\elbaekuffe\pic_27.jpeg,0
643,643,posts\danj.klimaminister\pic_45.jpeg,1
644,644,posts\dennisflydtkjaer1\pic_7.jpeg,2
645,645,posts\fabricius.camilla\pic_45.jpeg,0
646,646,posts\evaflyvholm_enhedslisten\pic_22.jpeg,2
647,647,posts\peter_skaarup\pic_70.jpeg,0
648,648,posts\mortenbodskov\pic_7.jpeg,0
649,649,posts\mette.thiesen\pic_127.jpeg,1
650,650,posts\nikolajvillumsen\pic_82.jpeg,4
651,651,posts\jakobellemann\pic_80.jpeg,5
652,652,posts\annehonoreoestergaard\pic_93.jpeg,0
653,653,posts\lars_aslan\pic_22.jpeg,0
654,654,posts\aaja_chemnitz\pic_22.jpeg,1
655,655,posts\zenia.stampe\pic_36.jpeg,2
656,656,posts\ftmktm\pic_70.jpeg,4
657,657,posts\lind_annette\pic_1.jpeg,1
658,658,posts\peter_seier_christensen\pic_39.jpeg,0
659,659,posts\ullatornaes\pic_76.jpeg,0
660,660,posts\maltelarsen_randers\pic_13.jpeg,1
661,661,posts\mrmesserschmidt\pic_96.jpeg,1
662,662,posts\krarupmarie\pic_14.jpeg,0
663,663,posts\annehonoreoestergaard\pic_17.jpeg,0
664,664,posts\misshalimeoguz\pic_15.jpeg,2
665,665,posts\olebirkolesen\pic_13.jpeg,0
666,666,posts\katarinaammitzboell\pic_75.jpeg,2
667,667,posts\torp71\pic_28.jpeg,0
668,668,posts\lisbethbp\pic_106.jpeg,0
669,669,posts\mettedencker\pic_31.jpeg,1
670,670,posts\mortenbodskov\pic_51.jpeg,0
671,671,posts\alexvanopslagh\pic_16.jpeg,0
672,672,posts\khoenge\pic_136.jpeg,5
673,673,posts\susannezimmerfriegronne\pic_38.jpeg,0
674,674,posts\karen.ellemann\pic_8.jpeg,1
675,675,posts\sophieloehde\pic_43.jpeg,0
676,676,posts\denhenrikdahl\pic_11.jpeg,1
677,677,posts\evakjerhansen\pic_8.jpeg,3
678,678,posts\dennisflydtkjaer1\pic_32.jpeg,1
679,679,posts\torp71\pic_17.jpeg,0
680,680,posts\ftmktm\pic_39.jpeg,1
681,681,posts\ullatornaes\pic_131.jpeg,0
682,682,posts\jensjoel\pic_59.jpeg,1
683,683,posts\annesophie.radikale\pic_45.jpeg,0
684,684,posts\jakobellemann\pic_27.jpeg,1
685,685,posts\piaolsendyhr\pic_185.jpeg,1
686,686,posts\rasmuslanghoff\pic_6.jpeg,1
687,687,posts\peter_seier_christensen\pic_142.jpeg,2
688,688,posts\nielsflemming_kons\pic_0.jpeg,1
689,689,posts\rasmus_jarlov\pic_13.jpeg,0
690,690,posts\liselottblixt\pic_52.jpeg,0
691,691,posts\lars_aslan\pic_36.jpeg,0
692,692,posts\lars_aslan\pic_34.jpeg,0
693,693,posts\hansandersenmf\pic_35.jpeg,1
694,694,posts\mogensjensen\pic_43.jpeg,0
695,695,posts\jensjoel\pic_6.jpeg,2
696,696,posts\sjurdurskaale\pic_18.jpeg,1
697,697,posts\bonnesenerling\pic_20.jpeg,1
698,698,posts\kathrineolldag\pic_61.jpeg,0
699,699,posts\maimercado_dk\pic_39.jpeg,0
700,700,posts\jensjoel\pic_51.jpeg,0
701,701,posts\charlottemolbaek\pic_81.jpeg,0
702,702,posts\stinus.lindgreen\pic_6.jpeg,0
703,703,posts\olebirkolesen\pic_29.jpeg,0
704,704,posts\christian.rabjerg\pic_30.jpeg,0
705,705,posts\christian.rabjerg\pic_18.jpeg,2
706,706,posts\pernille_skipper\pic_2.jpeg,0
707,707,posts\martinr.geertsen\pic_1.jpeg,1
708,708,posts\pernillevermund\pic_418.jpeg,0
709,709,posts\olebirkolesen\pic_30.jpeg,0
710,710,posts\leawermelin\pic_71.jpeg,3
711,711,posts\soren_pape\pic_74.jpeg,1
712,712,posts\rosa_lund\pic_134.jpeg,1
713,713,posts\susannezimmerfriegronne\pic_33.jpeg,0
714,714,posts\stenknuth\pic_68.jpeg,1
715,715,posts\carl_valentin\pic_1.jpeg,0
716,716,posts\sikandarsiddique_\pic_80.jpeg,1
717,717,posts\heidibank\pic_4.jpeg,2
718,718,posts\traktortroels\pic_25.jpeg,0
719,719,posts\karinaadsbol\pic_7.jpeg,0
720,720,posts\tommyahlers\pic_45.jpeg,0
721,721,posts\katrinerobsoe\pic_50.jpeg,2
722,722,posts\evakjerhansen\pic_13.jpeg,0
723,723,posts\magnusheunicke\pic_62.jpeg,0
724,724,posts\elbaekuffe\pic_17.jpeg,0
725,725,posts\larsbojemathiesen\pic_30.jpeg,0
726,726,posts\marcus.knuth\pic_22.jpeg,1
727,727,posts\leawermelin\pic_5.jpeg,0
728,728,posts\lorentzenkristian\pic_42.jpeg,3
729,729,posts\kirstennormann\pic_5.jpeg,0
730,730,posts\khoenge\pic_79.jpeg,1
731,731,posts\mette.thiesen\pic_3.jpeg,4
732,732,posts\mogensjensen\pic_15.jpeg,0
733,733,posts\rasmusprehn\pic_42.jpeg,1
734,734,posts\piakjaersgaard1\pic_106.jpeg,0
735,735,posts\sjurdurskaale\pic_42.jpeg,0
736,736,posts\maimercado_dk\pic_20.jpeg,3
737,737,posts\larsloekke\pic_61.jpeg,1
738,738,posts\katarinaammitzboell\pic_28.jpeg,1
739,739,posts\denhenrikdahl\pic_19.jpeg,1
740,740,posts\torstenschackpedersen\pic_20.jpeg,4
741,741,posts\jacobjensen_venstre\pic_17.jpeg,2
742,742,posts\jeppebruus\pic_20.jpeg,1
743,743,posts\stojberginger\pic_4.jpeg,0
744,744,posts\nielsflemming_kons\pic_4.jpeg,0
745,745,posts\sikandarsiddique_\pic_127.jpeg,1
746,746,posts\mai_villadsen\pic_18.jpeg,1
747,747,posts\pernille_skipper\pic_33.jpeg,3
748,748,posts\annimatthiesen\pic_8.jpeg,1
749,749,posts\charlottemolbaek\pic_108.jpeg,2
750,750,posts\bertel.haarder\pic_31.jpeg,0
751,751,posts\annehonoreoestergaard\pic_117.jpeg,1
752,752,posts\sossepernille\pic_5.jpeg,1
753,753,posts\piaolsendyhr\pic_220.jpeg,8
754,754,posts\lars_aslan\pic_79.jpeg,1
755,755,posts\sophieloehde\pic_50.jpeg,0
756,756,posts\piaolsendyhr\pic_173.jpeg,1
757,757,posts\ellentranenorby\pic_6.jpeg,1
758,758,posts\hansandersenmf\pic_37.jpeg,2
759,759,posts\piaolsendyhr\pic_162.jpeg,1
760,760,posts\lars_aslan\pic_8.jpeg,2
761,761,posts\mette\pic_69.jpeg,4
762,762,posts\katrinerobsoe\pic_33.jpeg,1
763,763,posts\havorla\pic_14.jpeg,3
764,764,posts\elbaekuffe\pic_70.jpeg,4
765,765,posts\rasmus_jarlov\pic_14.jpeg,1
766,766,posts\idaauken\pic_14.jpeg,1
767,767,posts\mortenbodskov\pic_16.jpeg,2
768,768,posts\torsten.gejl\pic_21.jpeg,2
769,769,posts\larsloekke\pic_85.jpeg,1
770,770,posts\annimatthiesen\pic_16.jpeg,1
771,771,posts\kristianthulesendahl\pic_57.jpeg,0
772,772,posts\denhenrikdahl\pic_22.jpeg,1
773,773,posts\lise_bech\pic_23.jpeg,0
774,774,posts\rnordqvist\pic_18.jpeg,0
775,775,posts\astridkrag\pic_75.jpeg,1
776,776,posts\jensjoel\pic_88.jpeg,1
777,777,posts\birgittebergman\pic_8.jpeg,2
778,778,posts\maltelarsen_randers\pic_7.jpeg,2
779,779,posts\kirstennormann\pic_13.jpeg,6
780,780,posts\astridkrag\pic_135.jpeg,0
781,781,posts\victoria.r.velasquez\pic_108.jpeg,1
782,782,posts\khegaard\pic_70.jpeg,0
783,783,posts\maimercado_dk\pic_29.jpeg,4
784,784,posts\trine.bramsen\pic_109.jpeg,0
785,785,posts\akimati\pic_23.jpeg,1
786,786,posts\nielsflemming_kons\pic_3.jpeg,0
787,787,posts\olebirkolesen\pic_8.jpeg,11
788,788,posts\misshalimeoguz\pic_7.jpeg,1
789,789,posts\sossepernille\pic_31.jpeg,2
790,790,posts\mette.thiesen\pic_154.jpeg,0
791,791,posts\annevalentinaberthelsen\pic_9.jpeg,0
792,792,posts\mette.thiesen\pic_102.jpeg,0
793,793,posts\anehalsboe\pic_35.jpeg,1
794,794,posts\andreas.steenberg\pic_114.jpeg,1
795,795,posts\olebirkolesen\pic_44.jpeg,1
796,796,posts\annepaulin\pic_9.jpeg,1
797,797,posts\maltelarsen_randers\pic_21.jpeg,2
798,798,posts\jacobmarkfolketinget\pic_152.jpeg,0
799,799,posts\misshalimeoguz\pic_2.jpeg,0
800,800,posts\stojberginger\pic_22.jpeg,0
801,801,posts\trine.bramsen\pic_78.jpeg,0
802,802,posts\jensjoel\pic_120.jpeg,0
803,803,posts\carl_valentin\pic_29.jpeg,1
804,804,posts\liselottblixt\pic_74.jpeg,0
805,805,posts\stinus.lindgreen\pic_4.jpeg,0
806,806,posts\mai_villadsen\pic_11.jpeg,0
807,807,posts\brittbager\pic_24.jpeg,0
808,808,posts\bbbrandenborg\pic_32.jpeg,2
809,809,posts\rasmushelvegpetersen\pic_18.jpeg,2
810,810,posts\mette\pic_99.jpeg,0
811,811,posts\brittbager\pic_32.jpeg,2
812,812,posts\bbbrandenborg\pic_13.jpeg,2
813,813,posts\rasmushelvegpetersen\pic_19.jpeg,3
814,814,posts\birgittebergman\pic_3.jpeg,3
815,815,posts\sossepernille\pic_35.jpeg,1
816,816,posts\pernillevermund\pic_436.jpeg,1
817,817,posts\anehalsboe\pic_22.jpeg,1
818,818,posts\carl_valentin\pic_17.jpeg,1
819,819,posts\trine.bramsen\pic_119.jpeg,1
820,820,posts\mariebjerre.dk\pic_54.jpeg,2
821,821,posts\peter_skaarup\pic_96.jpeg,2
822,822,posts\charlottemolbaek\pic_20.jpeg,3
823,823,posts\simonkollerup\pic_14.jpeg,4
824,824,posts\jeppebruus\pic_30.jpeg,1
825,825,posts\soren_pape\pic_106.jpeg,1
826,826,posts\trine.bramsen\pic_102.jpeg,6
827,827,posts\katarinaammitzboell\pic_54.jpeg,2
828,828,posts\karinaadsbol\pic_8.jpeg,1
829,829,posts\khoenge\pic_1.jpeg,2
830,830,posts\sofiecarstennielsen\pic_78.jpeg,1
831,831,posts\kristianjensenmf\pic_34.jpeg,0
832,832,posts\annevalentinaberthelsen\pic_18.jpeg,0
833,833,posts\rnordqvist\pic_12.jpeg,0
834,834,posts\lise_bech\pic_1.jpeg,0
835,835,posts\annevalentinaberthelsen\pic_14.jpeg,0
836,836,posts\mariebjerre.dk\pic_24.jpeg,4
837,837,posts\kaaredybvad\pic_25.jpeg,2
838,838,posts\charlottemolbaek\pic_47.jpeg,4
839,839,posts\mortenoestergaard\pic_13.jpeg,3
840,840,posts\sikandarsiddique_\pic_11.jpeg,1
841,841,posts\piaolsendyhr\pic_130.jpeg,0
842,842,posts\bonnesenerling\pic_31.jpeg,0
843,843,posts\nikolajvillumsen\pic_121.jpeg,3
844,844,posts\bennyengelbrecht\pic_61.jpeg,1
845,845,posts\trine.bramsen\pic_5.jpeg,0
846,846,posts\susannezimmerfriegronne\pic_5.jpeg,1
847,847,posts\elbaekuffe\pic_8.jpeg,0
848,848,posts\kathrineolldag\pic_62.jpeg,1
849,849,posts\brigitte_klintskov_jerkel\pic_46.jpeg,1
850,850,posts\misshalimeoguz\pic_26.jpeg,2
851,851,posts\mortendahlin\pic_29.jpeg,2
852,852,posts\katrinerobsoe\pic_57.jpeg,1
853,853,posts\jakobellemann\pic_84.jpeg,0
854,854,posts\annimatthiesen\pic_66.jpeg,0
855,855,posts\kaspersandkjaer\pic_60.jpeg,2
856,856,posts\jakobellemann\pic_16.jpeg,1
857,857,posts\elbaekuffe\pic_89.jpeg,0
858,858,posts\mette.thiesen\pic_209.jpeg,1
859,859,posts\sjurdurskaale\pic_46.jpeg,0
860,860,posts\ftmktm\pic_8.jpeg,2
861,861,posts\rasmus_jarlov\pic_12.jpeg,1
862,862,posts\larsloekke\pic_25.jpeg,2
863,863,posts\torsten.gejl\pic_7.jpeg,3
864,864,posts\victoria.r.velasquez\pic_87.jpeg,3
865,865,posts\stojberginger\pic_8.jpeg,3
866,866,posts\katarinaammitzboell\pic_16.jpeg,0
867,867,posts\annehonoreoestergaard\pic_94.jpeg,2
868,868,posts\jan_e_joergensen\pic_26.jpeg,0
869,869,posts\rosa_lund\pic_35.jpeg,1
870,870,posts\soren_pape\pic_5.jpeg,1
871,871,posts\victoria.r.velasquez\pic_37.jpeg,1
872,872,posts\aaja_chemnitz\pic_5.jpeg,0
873,873,posts\kaaredybvad\pic_35.jpeg,1
874,874,posts\birgittebergman\pic_2.jpeg,18
875,875,posts\bertel.haarder\pic_17.jpeg,0
876,876,posts\lisbethbp\pic_82.jpeg,0
877,877,posts\stojberginger\pic_14.jpeg,0
878,878,posts\stenknuth\pic_180.jpeg,1
879,879,posts\rasmuslanghoff\pic_54.jpeg,1
880,880,posts\carl_valentin\pic_14.jpeg,3
881,881,posts\mrmesserschmidt\pic_152.jpeg,0
882,882,posts\bbbrandenborg\pic_29.jpeg,1
883,883,posts\birgittebergman\pic_14.jpeg,3
884,884,posts\annepaulin\pic_14.jpeg,3
885,885,posts\juulmona\pic_7.jpeg,1
886,886,posts\larsloekke\pic_40.jpeg,0
887,887,posts\karstenlauritzen\pic_52.jpeg,0
888,888,posts\akimati\pic_22.jpeg,0
889,889,posts\katrinerobsoe\pic_8.jpeg,1
890,890,posts\annevalentinaberthelsen\pic_31.jpeg,0
891,891,posts\michaelaastrupjensen\pic_9.jpeg,4
892,892,posts\rasmushelvegpetersen\pic_16.jpeg,2
893,893,posts\rosa_lund\pic_162.jpeg,1
894,894,posts\misshalimeoguz\pic_33.jpeg,2
895,895,posts\janeheitmann\pic_85.jpeg,0
896,896,posts\michaelaastrupjensen\pic_34.jpeg,1
897,897,posts\fugledemads\pic_2.jpeg,2
898,898,posts\zenia.stampe\pic_14.jpeg,1
899,899,posts\jensjoel\pic_103.jpeg,1
900,900,posts\misshalimeoguz\pic_0.jpeg,1
901,901,posts\kathrineolldag\pic_21.jpeg,1
902,902,posts\jensjoel\pic_61.jpeg,2
903,903,posts\stinus.lindgreen\pic_9.jpeg,0
904,904,posts\bennyengelbrecht\pic_58.jpeg,2
905,905,posts\hansandersenmf\pic_129.jpeg,2
906,906,posts\havorla\pic_22.jpeg,1
907,907,posts\torp71\pic_31.jpeg,1
908,908,posts\samiranawa\pic_82.jpeg,2
909,909,posts\magnusheunicke\pic_2.jpeg,0
910,910,posts\heidibank\pic_3.jpeg,1
911,911,posts\jeppebruus\pic_26.jpeg,1
912,912,posts\astridcaroe\pic_27.jpeg,0
913,913,posts\christian.rabjerg\pic_2.jpeg,0
914,914,posts\alexvanopslagh\pic_32.jpeg,1
915,915,posts\mariebjerre.dk\pic_88.jpeg,17
916,916,posts\anehalsboe\pic_57.jpeg,0
917,917,posts\charlottemolbaek\pic_96.jpeg,4
918,918,posts\susannezimmerfriegronne\pic_123.jpeg,2
919,919,posts\ellentranenorby\pic_19.jpeg,0
920,920,posts\hansandersenmf\pic_109.jpeg,0
921,921,posts\sofiecarstennielsen\pic_71.jpeg,1
922,922,posts\sossepernille\pic_3.jpeg,0
923,923,posts\elbaekuffe\pic_87.jpeg,3
924,924,posts\karstenlauritzen\pic_22.jpeg,0
925,925,posts\lind_annette\pic_7.jpeg,1
926,926,posts\birgitte.vind\pic_4.jpeg,1
927,927,posts\zenia.stampe\pic_59.jpeg,0
928,928,posts\marleneambo\pic_69.jpeg,1
929,929,posts\bonnesenerling\pic_2.jpeg,1
930,930,posts\bonnesenerling\pic_25.jpeg,0
931,931,posts\idaauken\pic_2.jpeg,0
932,932,posts\mrmesserschmidt\pic_48.jpeg,0
933,933,posts\rnordqvist\pic_2.jpeg,0
934,934,posts\mette.abildgaard\pic_72.jpeg,0
935,935,posts\janeheitmann\pic_2.jpeg,0
936,936,posts\mette\pic_48.jpeg,2
937,937,posts\torp71\pic_29.jpeg,1
938,938,posts\bonnesenerling\pic_4.jpeg,1
939,939,posts\bbbrandenborg\pic_17.jpeg,3
940,940,posts\khegaard\pic_4.jpeg,0
941,941,posts\kathrineolldag\pic_31.jpeg,2
942,942,posts\rasmuslanghoff\pic_20.jpeg,1
943,943,posts\peterhummelgaard\pic_10.jpeg,2
944,944,posts\martin.lidegaard\pic_0.jpeg,0
945,945,posts\annevalentinaberthelsen\pic_32.jpeg,2
946,946,posts\lise_bech\pic_3.jpeg,1
947,947,posts\kaaredybvad\pic_21.jpeg,1
948,948,posts\peter_skaarup\pic_17.jpeg,0
949,949,posts\christian.rabjerg\pic_7.jpeg,1
950,950,posts\birgitte.vind\pic_43.jpeg,0
951,951,posts\anehalsboe\pic_53.jpeg,2
952,952,posts\brigitte_klintskov_jerkel\pic_137.jpeg,2
953,953,posts\nikolajvillumsen\pic_27.jpeg,1
954,954,posts\jerohde\pic_9.jpeg,0
955,955,posts\lind_annette\pic_9.jpeg,1
956,956,posts\kaspersandkjaer\pic_46.jpeg,0
957,957,posts\magnusheunicke\pic_73.jpeg,1
958,958,posts\elbaekuffe\pic_50.jpeg,0
959,959,posts\danj.klimaminister\pic_29.jpeg,0
960,960,posts\soren_pape\pic_81.jpeg,1
961,961,posts\lind_annette\pic_15.jpeg,4
962,962,posts\brittbager\pic_11.jpeg,2
963,963,posts\aaja_chemnitz\pic_4.jpeg,0
964,964,posts\lise_bech\pic_30.jpeg,0
965,965,posts\alexvanopslagh\pic_2.jpeg,0
966,966,posts\annimatthiesen\pic_12.jpeg,2
967,967,posts\kathrineolldag\pic_16.jpeg,3
968,968,posts\zenia.stampe\pic_39.jpeg,0
969,969,posts\idaauken\pic_16.jpeg,4
970,970,posts\khoenge\pic_18.jpeg,0
971,971,posts\misshalimeoguz\pic_3.jpeg,1
972,972,posts\karen.ellemann\pic_11.jpeg,0
973,973,posts\stinus.lindgreen\pic_3.jpeg,0
974,974,posts\rasmusprehn\pic_70.jpeg,1
975,975,posts\martinr.geertsen\pic_8.jpeg,1
976,976,posts\torstenschackpedersen\pic_18.jpeg,3
977,977,posts\mortendahlin\pic_14.jpeg,7
978,978,posts\kaspersandkjaer\pic_15.jpeg,0
979,979,posts\lise_bech\pic_31.jpeg,0
980,980,posts\juulmona\pic_10.jpeg,1
981,981,posts\bertel.haarder\pic_12.jpeg,2
982,982,posts\mette\pic_174.jpeg,0
983,983,posts\mette\pic_116.jpeg,1
984,984,posts\bonnesenerling\pic_5.jpeg,1
985,985,posts\traktortroels\pic_9.jpeg,6
986,986,posts\hansandersenmf\pic_111.jpeg,0
987,987,posts\charlottemolbaek\pic_71.jpeg,0
988,988,posts\kirstennormann\pic_0.jpeg,1
989,989,posts\astridkrag\pic_138.jpeg,1
990,990,posts\pernille_skipper\pic_53.jpeg,2
991,991,posts\mette.abildgaard\pic_85.jpeg,2
992,992,posts\jan_e_joergensen\pic_92.jpeg,1
993,993,posts\nielsflemming_kons\pic_7.jpeg,0
994,994,posts\andreas.steenberg\pic_97.jpeg,1
995,995,posts\aaja_chemnitz\pic_3.jpeg,4
996,996,posts\charlottemolbaek\pic_86.jpeg,1
997,997,posts\mettedencker\pic_111.jpeg,2
998,998,posts\kaaredybvad\pic_27.jpeg,8
999,999,posts\katarinaammitzboell\pic_100.jpeg,2
